Source.Name,Open time,Open,Date,Quartile,High,Low,Close,Volume,Close time,Quote asset volume,Number of trades,Taker buy base asset volume,Taker buy quote asset volume,Ignore
XRPUSDT-1d-2022-01.csv,1.64E+12,0.8298,01-01-2023,Q1,0.8557,0.8297,0.8507,136976730,1.64E+12,115507460.4,178238,70090109,59113405.01,0
XRPUSDT-1d-2022-01.csv,1.64E+12,0.8508,02-01-2023,Q1,0.8667,0.8372,0.8586,129688032,1.64E+12,110265575.8,176940,65996017,56117623.46,0
XRPUSDT-1d-2022-01.csv,1.64E+12,0.8586,03-01-2023,Q1,0.8587,0.8213,0.8324,178618617,1.64E+12,149876148.1,232484,89735857,75298817.19,0
XRPUSDT-1d-2022-01.csv,1.64E+12,0.8324,04-01-2023,Q1,0.8456,0.7794,0.8228,214415744,1.64E+12,177691937,270966,104076850,86367665.36,0
XRPUSDT-1d-2022-01.csv,1.64E+12,0.8227,05-01-2023,Q1,0.8372,0.7092,0.7726,370612510,1.64E+12,294783762.3,482373,173152247,137997621.9,0
XRPUSDT-1d-2022-01.csv,1.64E+12,0.7725,06-01-2023,Q1,0.7909,0.7377,0.7791,307202277,1.64E+12,234402002.1,415169,151109632,115283157.8,0
XRPUSDT-1d-2022-01.csv,1.64E+12,0.779,07-01-2023,Q1,0.7808,0.7287,0.7634,372926762,1.64E+12,281919749.2,511973,177050288,133890338.7,0
XRPUSDT-1d-2022-01.csv,1.64E+12,0.7634,08-01-2023,Q1,0.7768,0.7222,0.7452,253028571,1.64E+12,190213053.8,347309,122226022,91911985.05,0
XRPUSDT-1d-2022-01.csv,1.64E+12,0.7452,09-01-2023,Q1,0.7667,0.7381,0.753,151521399,1.64E+12,113888420.5,211515,74010465,55633357.26,0
XRPUSDT-1d-2022-01.csv,1.64E+12,0.753,10-01-2023,Q1,0.7589,0.6967,0.7399,313080154,1.64E+12,228730493.5,359880,155055910,113354601.6,0
XRPUSDT-1d-2022-01.csv,1.64E+12,0.7399,11-01-2023,Q1,0.7768,0.7306,0.7703,254065075,1.64E+12,190447525.4,285391,131311656,98408665.5,0
XRPUSDT-1d-2022-01.csv,1.64E+12,0.7702,12-01-2023,Q1,0.816,0.757,0.7987,295701910,1.64E+12,231115520.8,330205,152951383,119559374.4,0
XRPUSDT-1d-2022-01.csv,1.64E+12,0.7986,13-01-2023,Q1,0.8024,0.7604,0.768,227833834,1.64E+12,178544935.2,247605,110303627,86439902.8,0
XRPUSDT-1d-2022-01.csv,1.64E+12,0.7677,14-01-2023,Q1,0.8,0.7513,0.7732,221104212,1.64E+12,170797410.1,242416,110650666,85508025.43,0
XRPUSDT-1d-2022-01.csv,1.64E+12,0.7733,15-01-2023,Q1,0.79,0.768,0.7791,138443019,1.64E+12,107785186.3,159163,66517924,51809404.94,0
XRPUSDT-1d-2022-01.csv,1.64E+12,0.7791,16-01-2023,Q1,0.7884,0.768,0.7784,125068081,1.64E+12,97287674.58,157210,61255756,47661753.26,0
XRPUSDT-1d-2022-01.csv,1.64E+12,0.7785,17-01-2023,Q1,0.7805,0.7498,0.7617,181653025,1.64E+12,138537212.1,205250,87928840,67048581.07,0
XRPUSDT-1d-2022-01.csv,1.64E+12,0.7616,18-01-2023,Q1,0.7686,0.7352,0.7509,188367099,1.64E+12,141172279.4,209700,92556337,69375577.47,0
XRPUSDT-1d-2022-01.csv,1.64E+12,0.751,19-01-2023,Q1,0.7533,0.7231,0.7381,190555142,1.64E+12,140704196.4,214504,92323317,68185226.17,0
XRPUSDT-1d-2022-01.csv,1.64E+12,0.7381,20-01-2023,Q1,0.7622,0.7161,0.7199,205931050,1.64E+12,153121537.1,218718,92776494,69090083.17,0
XRPUSDT-1d-2022-01.csv,1.64E+12,0.7199,21-01-2023,Q1,0.7285,0.6112,0.6368,612944841,1.64E+12,410698993.9,579921,283151610,189699610.1,0
XRPUSDT-1d-2022-01.csv,1.64E+12,0.6368,22-01-2023,Q1,0.6542,0.5489,0.5966,769947907.1,1.64E+12,460971551.6,714427,370364682.5,221834544.8,0
XRPUSDT-1d-2022-01.csv,1.64E+12,0.5966,23-01-2023,Q1,0.6352,0.59,0.6283,331234207,1.64E+12,202062551.6,347609,162325892,99066781.98,0
XRPUSDT-1d-2022-01.csv,1.64E+12,0.6284,24-01-2023,Q1,0.6286,0.5524,0.6118,513343471,1.64E+12,300019737.6,520142,250617559,146514446.6,0
XRPUSDT-1d-2022-01.csv,1.64E+12,0.6118,25-01-2023,Q1,0.6243,0.5872,0.618,319618429,1.64E+12,192980719.1,298398,157355880,95022691.42,0
XRPUSDT-1d-2022-01.csv,1.64E+12,0.6178,26-01-2023,Q1,0.6586,0.6047,0.6193,466864710,1.64E+12,293046543.4,425965,230375796,144665471.5,0
XRPUSDT-1d-2022-01.csv,1.64E+12,0.6193,27-01-2023,Q1,0.6247,0.5893,0.6088,292543906,1.64E+12,176630359,264351,132968036,80340602.79,0
XRPUSDT-1d-2022-01.csv,1.64E+12,0.6089,28-01-2023,Q1,0.614,0.5916,0.6111,221009653,1.64E+12,133208703.8,215447,109391522,65959261.98,0
XRPUSDT-1d-2022-01.csv,1.64E+12,0.6112,29-01-2023,Q1,0.6255,0.6083,0.6174,154572094,1.64E+12,95192596.38,157630,77341413,47642622.71,0
XRPUSDT-1d-2022-01.csv,1.64E+12,0.6175,30-01-2023,Q1,0.6232,0.5973,0.6013,146491081,1.64E+12,89634415.73,155232,69182128,42355597.92,0
XRPUSDT-1d-2022-01.csv,1.64E+12,0.6012,31-01-2023,Q1,0.6242,0.5803,0.6174,213749309,1.64E+12,127444698.2,202749,108262249,64612912.7,0
XRPUSDT-1d-2022-02.csv,1.64E+12,0.6174,01-02-2023,Q1,0.6308,0.6107,0.6284,174300620,1.64E+12,108325641.4,179180,92006396,57191761.01,0
XRPUSDT-1d-2022-02.csv,1.64E+12,0.6284,02-02-2023,Q1,0.6314,0.5955,0.6006,186608762,1.64E+12,114856317.5,195159,91214428,56181186.22,0
XRPUSDT-1d-2022-02.csv,1.64E+12,0.6006,03-02-2023,Q1,0.6116,0.5886,0.6102,168129675,1.64E+12,100903909.2,166019,82030398,49239399.17,0
XRPUSDT-1d-2022-02.csv,1.64E+12,0.6101,04-02-2023,Q1,0.6589,0.6044,0.6555,263927174,1.64E+12,164697317.1,234991,140894316,87920154.49,0
XRPUSDT-1d-2022-02.csv,1.64E+12,0.6557,05-02-2023,Q1,0.6869,0.65,0.6656,310296779,1.64E+12,207432932.9,296990,163402988,109221694.5,0
XRPUSDT-1d-2022-02.csv,1.64E+12,0.6656,06-02-2023,Q1,0.688,0.6589,0.6825,157303166,1.64E+12,105499040.7,163540,77801560,52193085.83,0
XRPUSDT-1d-2022-02.csv,1.64E+12,0.6825,07-02-2023,Q1,0.839,0.6712,0.8314,640917209,1.64E+12,491875684.8,773279,327757400,251545537.9,0
XRPUSDT-1d-2022-02.csv,1.64E+12,0.8314,08-02-2023,Q1,0.9142,0.8034,0.8763,1048879447,1.64E+12,896908628.4,1336231,535178885,457855992.8,0
XRPUSDT-1d-2022-02.csv,1.64E+12,0.8763,09-02-2023,Q1,0.9168,0.8413,0.8697,626331950,1.64E+12,549165655.7,803724,314570536,275936216.1,0
XRPUSDT-1d-2022-02.csv,1.64E+12,0.8699,10-02-2023,Q1,0.8975,0.821,0.8253,495010890,1.64E+12,427414739.4,540824,242914550,209806198.6,0
XRPUSDT-1d-2022-02.csv,1.64E+12,0.8253,11-02-2023,Q1,0.8339,0.75,0.7591,482432190,1.64E+12,388566707.1,519699,228558713,184198520.9,0
XRPUSDT-1d-2022-02.csv,1.64E+12,0.759,12-02-2023,Q1,0.8532,0.7465,0.8223,477906804,1.64E+12,383669503.5,526512,234073787,188095069.8,0
XRPUSDT-1d-2022-02.csv,1.64E+12,0.8223,13-02-2023,Q1,0.8476,0.792,0.8057,351589704,1.64E+12,288439676.9,411195,169831806,139336595.4,0
XRPUSDT-1d-2022-02.csv,1.64E+12,0.8057,14-02-2023,Q1,0.8127,0.7791,0.8012,304006647,1.64E+12,241701354.5,298362,151755059,120697998.7,0
XRPUSDT-1d-2022-02.csv,1.64E+12,0.8012,15-02-2023,Q1,0.8599,0.7961,0.8515,279317316,1.64E+12,231323680.2,292838,145139011,120212814.2,0
XRPUSDT-1d-2022-02.csv,1.64E+12,0.8514,16-02-2023,Q1,0.8532,0.8086,0.8366,252745706,1.65E+12,210175363.6,272890,121239086,100858526.6,0
XRPUSDT-1d-2022-02.csv,1.65E+12,0.8367,17-02-2023,Q1,0.8448,0.7535,0.769,375190546,1.65E+12,300624314.1,377795,180001437,144223727.5,0
XRPUSDT-1d-2022-02.csv,1.65E+12,0.7689,18-02-2023,Q1,0.8055,0.756,0.784,417945743,1.65E+12,326120877.7,423084,201924098,157513266.3,0
XRPUSDT-1d-2022-02.csv,1.65E+12,0.7841,19-02-2023,Q1,0.8547,0.7696,0.8215,492929500,1.65E+12,400613754.2,594162,248825500,202360377.3,0
XRPUSDT-1d-2022-02.csv,1.65E+12,0.8215,20-02-2023,Q1,0.8234,0.7643,0.7769,495454770,1.65E+12,391269443.4,521656,227536480,179659457.4,0
XRPUSDT-1d-2022-02.csv,1.65E+12,0.7769,21-02-2023,Q1,0.802,0.6953,0.7018,621650777,1.65E+12,474629850.5,558755,303954516,232169573.6,0
XRPUSDT-1d-2022-02.csv,1.65E+12,0.7018,22-02-2023,Q1,0.7266,0.6686,0.7209,597541290,1.65E+12,417027236.6,503146,299122368,208862896.9,0
XRPUSDT-1d-2022-02.csv,1.65E+12,0.7209,23-02-2023,Q1,0.7441,0.6924,0.6967,438023003,1.65E+12,315158238.6,352974,219155727,157728011.9,0
XRPUSDT-1d-2022-02.csv,1.65E+12,0.6967,24-02-2023,Q1,0.7226,0.6215,0.6963,986343826,1.65E+12,649336702.2,776546,475980122,313319924.7,0
XRPUSDT-1d-2022-02.csv,1.65E+12,0.6962,25-02-2023,Q1,0.7807,0.6826,0.7699,557343038,1.65E+12,397739663.4,483216,289233335,206653757.6,0
XRPUSDT-1d-2022-02.csv,1.65E+12,0.7698,26-02-2023,Q1,0.7955,0.7403,0.7508,520451349,1.65E+12,398290215.8,518766,263972487,202016049.1,0
XRPUSDT-1d-2022-02.csv,1.65E+12,0.7508,27-02-2023,Q1,0.7677,0.7032,0.7215,441252224,1.65E+12,324122751.3,380063,211903246,155721473.8,0
XRPUSDT-1d-2022-02.csv,1.65E+12,0.7216,28-02-2023,Q1,0.7938,0.7075,0.7809,444617964,1.65E+12,331004684.9,411864,220791698,164606481.2,0
XRPUSDT-1d-2022-03.csv,1.65E+12,0.7809,01-03-2023,Q1,0.8039,0.7574,0.7839,392126769,1.65E+12,305309246.8,396934,193409344,150654555.8,0
XRPUSDT-1d-2022-03.csv,1.65E+12,0.784,02-03-2023,Q1,0.7848,0.7562,0.7687,377602100,1.65E+12,290891663.1,306050,186780734,143882345.6,0
XRPUSDT-1d-2022-03.csv,1.65E+12,0.7688,03-03-2023,Q1,0.7897,0.7336,0.7515,339295156,1.65E+12,257664904.5,298359,166262432,126275130.8,0
XRPUSDT-1d-2022-03.csv,1.65E+12,0.7514,04-03-2023,Q1,0.755,0.6942,0.7127,382831997,1.65E+12,279450790.8,325418,187126852,136654078.9,0
XRPUSDT-1d-2022-03.csv,1.65E+12,0.7127,05-03-2023,Q1,0.7693,0.7049,0.754,358200609,1.65E+12,265951379.1,360890,171764631,127561328.6,0
XRPUSDT-1d-2022-03.csv,1.65E+12,0.7539,06-03-2023,Q1,0.7589,0.7211,0.7251,304732286,1.65E+12,225032012.6,275079,148059163,109293439.9,0
XRPUSDT-1d-2022-03.csv,1.65E+12,0.7252,07-03-2023,Q1,0.7544,0.7033,0.7197,496407111,1.65E+12,363052084,413298,249680721,182588165.2,0
XRPUSDT-1d-2022-03.csv,1.65E+12,0.7196,08-03-2023,Q1,0.7313,0.7135,0.7207,293749434,1.65E+12,212291889.9,231723,146084373,105592288.2,0
XRPUSDT-1d-2022-03.csv,1.65E+12,0.7208,09-03-2023,Q1,0.775,0.7199,0.7658,397032109,1.65E+12,298577935.7,342087,210070672,157981243,0
XRPUSDT-1d-2022-03.csv,1.65E+12,0.7659,10-03-2023,Q1,0.7797,0.7215,0.7361,397850898,1.65E+12,294933673,350437,191002562,141660681.4,0
XRPUSDT-1d-2022-03.csv,1.65E+12,0.7361,11-03-2023,Q1,0.814,0.725,0.8029,526984782,1.65E+12,402055677,515649,265507599,202653114,0
XRPUSDT-1d-2022-03.csv,1.65E+12,0.8028,12-03-2023,Q1,0.849,0.7783,0.7857,589059126,1.65E+12,474559889.9,662771,280010604,225635940.9,0
XRPUSDT-1d-2022-03.csv,1.65E+12,0.7857,13-03-2023,Q1,0.8057,0.7508,0.7602,311279578,1.65E+12,244669480.1,304239,146750241,115428354.2,0
XRPUSDT-1d-2022-03.csv,1.65E+12,0.7602,14-03-2023,Q1,0.7779,0.745,0.7748,326606464,1.65E+12,249607534.8,277062,166773116,127466033.3,0
XRPUSDT-1d-2022-03.csv,1.65E+12,0.7747,15-03-2023,Q1,0.7768,0.7413,0.7657,243756136,1.65E+12,185554830.2,224551,120440153,91702951.24,0
XRPUSDT-1d-2022-03.csv,1.65E+12,0.7658,16-03-2023,Q1,0.7945,0.7569,0.7919,350641035,1.65E+12,270905161.1,338101,178379477,137846141,0
XRPUSDT-1d-2022-03.csv,1.65E+12,0.7919,17-03-2023,Q1,0.802,0.783,0.7935,264101320,1.65E+12,209115111.7,239087,136623515,108183138,0
XRPUSDT-1d-2022-03.csv,1.65E+12,0.7936,18-03-2023,Q1,0.8007,0.7762,0.7965,222661984,1.65E+12,175564924.2,202346,112469928,88692231.3,0
XRPUSDT-1d-2022-03.csv,1.65E+12,0.7964,19-03-2023,Q1,0.8268,0.7915,0.8194,248947590,1.65E+12,202388188.4,265739,117794407,95755655.76,0
XRPUSDT-1d-2022-03.csv,1.65E+12,0.8195,20-03-2023,Q1,0.822,0.795,0.8057,185090508,1.65E+12,149611235.7,177909,86526823,69949276.76,0
XRPUSDT-1d-2022-03.csv,1.65E+12,0.8057,21-03-2023,Q1,0.8549,0.7875,0.8373,316427663,1.65E+12,259592940.4,362667,159769268,131064535.9,0
XRPUSDT-1d-2022-03.csv,1.65E+12,0.8372,22-03-2023,Q1,0.8653,0.8273,0.8366,305184306,1.65E+12,257893273.7,340957,154289567,130398701.3,0
XRPUSDT-1d-2022-03.csv,1.65E+12,0.8366,23-03-2023,Q1,0.846,0.8171,0.8376,235024475,1.65E+12,195140355.6,230168,113831215,94527036.56,0
XRPUSDT-1d-2022-03.csv,1.65E+12,0.8376,24-03-2023,Q1,0.85,0.8272,0.8428,282122073,1.65E+12,236615079.8,280263,147774382,123968022.9,0
XRPUSDT-1d-2022-03.csv,1.65E+12,0.8428,25-03-2023,Q1,0.8459,0.8185,0.8239,214450998,1.65E+12,178986690.6,194835,105983987,88495788.69,0
XRPUSDT-1d-2022-03.csv,1.65E+12,0.8239,26-03-2023,Q1,0.8349,0.8206,0.8327,122433652,1.65E+12,101517227.9,108590,58204949,48261302.89,0
XRPUSDT-1d-2022-03.csv,1.65E+12,0.8326,27-03-2023,Q1,0.8582,0.8275,0.858,198619688,1.65E+12,167118139.6,199174,99347869,83611740.29,0
XRPUSDT-1d-2022-03.csv,1.65E+12,0.8579,28-03-2023,Q1,0.93,0.8528,0.8641,479199201,1.65E+12,422637754.2,540963,255022451,225063849.1,0
XRPUSDT-1d-2022-03.csv,1.65E+12,0.864,29-03-2023,Q1,0.8857,0.8389,0.8577,264756291,1.65E+12,230020279.9,293027,129038578,112143460.8,0
XRPUSDT-1d-2022-03.csv,1.65E+12,0.8576,30-03-2023,Q1,0.8718,0.8455,0.8613,201046259,1.65E+12,173039224.5,224285,102066434,87851965.48,0
XRPUSDT-1d-2022-03.csv,1.65E+12,0.8613,31-03-2023,Q1,0.8737,0.7794,0.8148,366939277,1.65E+12,305824263.9,400216,172319249,143671827.4,0
XRPUSDT-1d-2022-04.csv,1.65E+12,0.8149,01-04-2023,Q2,0.8343,0.807,0.8277,254001232,1.65E+12,208774877.6,251817,124094463,101996499.6,0
XRPUSDT-1d-2022-04.csv,1.65E+12,0.8277,02-04-2023,Q2,0.8499,0.8185,0.824,210041825,1.65E+12,175623270.3,208651,98183173,82111559.9,0
XRPUSDT-1d-2022-04.csv,1.65E+12,0.824,03-04-2023,Q2,0.8519,0.8143,0.8432,159520162,1.65E+12,133117452.9,156976,77302883,64502447.34,0
XRPUSDT-1d-2022-04.csv,1.65E+12,0.8432,04-04-2023,Q2,0.844,0.8041,0.826,216740017,1.65E+12,179165135.2,215429,106854587,88344943.1,0
XRPUSDT-1d-2022-04.csv,1.65E+12,0.8261,05-04-2023,Q2,0.8366,0.8145,0.8164,174779509,1.65E+12,144156926.2,158487,87383871,72080970.08,0
XRPUSDT-1d-2022-04.csv,1.65E+12,0.8164,06-04-2023,Q2,0.8184,0.7555,0.7595,348686323,1.65E+12,274381875.7,364137,168915184,132979551.6,0
XRPUSDT-1d-2022-04.csv,1.65E+12,0.7594,07-04-2023,Q2,0.7911,0.7523,0.7871,196211648,1.65E+12,152188903.5,203495,94215238,73077180.2,0
XRPUSDT-1d-2022-04.csv,1.65E+12,0.787,08-04-2023,Q2,0.7944,0.7463,0.7549,210639194,1.65E+12,162771256.5,208204,104376903,80692244.79,0
XRPUSDT-1d-2022-04.csv,1.65E+12,0.755,09-04-2023,Q2,0.7668,0.7531,0.7622,102131244,1.65E+12,77625116.23,107344,47440735,36059404.03,0
XRPUSDT-1d-2022-04.csv,1.65E+12,0.7623,10-04-2023,Q2,0.7731,0.7524,0.7543,123028708,1.65E+12,93662860.13,127125,57114934,43494557.3,0
XRPUSDT-1d-2022-04.csv,1.65E+12,0.7543,11-04-2023,Q2,0.7558,0.6802,0.6948,354459252,1.65E+12,253488704.7,328030,167664986,119927030.7,0
XRPUSDT-1d-2022-04.csv,1.65E+12,0.6949,12-04-2023,Q2,0.734,0.6924,0.7152,263088987,1.65E+12,185940902,260994,133316198,94219143.54,0
XRPUSDT-1d-2022-04.csv,1.65E+12,0.7151,13-04-2023,Q2,0.7252,0.7017,0.7232,217937566,1.65E+12,156097770.3,205229,108623961,77822024.43,0
XRPUSDT-1d-2022-04.csv,1.65E+12,0.7232,14-04-2023,Q2,0.7413,0.7083,0.7262,239629937,1.65E+12,173590844.1,217510,117445778,85066672.31,0
XRPUSDT-1d-2022-04.csv,1.65E+12,0.7262,15-04-2023,Q2,0.7975,0.7261,0.7858,439676502,1.65E+12,340018971.3,490660,222695983,172134143,0
XRPUSDT-1d-2022-04.csv,1.65E+12,0.7859,16-04-2023,Q2,0.7999,0.7658,0.7808,206493032,1.65E+12,161483053.8,195172,100170754,78347213.44,0
XRPUSDT-1d-2022-04.csv,1.65E+12,0.7808,17-04-2023,Q2,0.7861,0.7477,0.7519,188468510,1.65E+12,145499726,176462,92494781,71408946.49,0
XRPUSDT-1d-2022-04.csv,1.65E+12,0.7519,18-04-2023,Q2,0.7699,0.7266,0.7699,257757252,1.65E+12,192473959.5,258339,126225222,94297426.83,0
XRPUSDT-1d-2022-04.csv,1.65E+12,0.7698,19-04-2023,Q2,0.786,0.7588,0.7749,199132020,1.65E+12,153428708.4,191968,103980072,80113597.97,0
XRPUSDT-1d-2022-04.csv,1.65E+12,0.7749,20-04-2023,Q2,0.7753,0.742,0.7517,220246970,1.65E+12,167656195.9,192462,107948127,82171145.47,0
XRPUSDT-1d-2022-04.csv,1.65E+12,0.7517,21-04-2023,Q2,0.7686,0.718,0.7328,241310449,1.65E+12,180731787.4,241040,120565186,90337004.5,0
XRPUSDT-1d-2022-04.csv,1.65E+12,0.7328,22-04-2023,Q2,0.7387,0.7142,0.7179,220757625,1.65E+12,160328204.8,216443,106214645,77146619.61,0
XRPUSDT-1d-2022-04.csv,1.65E+12,0.7178,23-04-2023,Q2,0.7267,0.7023,0.7057,163036743,1.65E+12,116203898.7,154364,79411803,56595167.9,0
XRPUSDT-1d-2022-04.csv,1.65E+12,0.7057,24-04-2023,Q2,0.7119,0.6944,0.6981,144945400,1.65E+12,102084222.5,137510,70704996,49784633.33,0
XRPUSDT-1d-2022-04.csv,1.65E+12,0.698,25-04-2023,Q2,0.6998,0.6451,0.6931,399434752,1.65E+12,267285979.7,354207,196890553,131736017.8,0
XRPUSDT-1d-2022-04.csv,1.65E+12,0.6931,26-04-2023,Q2,0.7065,0.6276,0.642,355964613,1.65E+12,237444379.9,311924,174245692,116326399.1,0
XRPUSDT-1d-2022-04.csv,1.65E+12,0.642,27-04-2023,Q2,0.663,0.6361,0.6522,277994630,1.65E+12,180637616.9,241976,142408334,92540378.85,0
XRPUSDT-1d-2022-04.csv,1.65E+12,0.6522,28-04-2023,Q2,0.6577,0.6333,0.6428,242145728,1.65E+12,156497699.4,195259,119074148,76959693.96,0
XRPUSDT-1d-2022-04.csv,1.65E+12,0.6428,29-04-2023,Q2,0.6464,0.5992,0.6116,322263629,1.65E+12,200206773.4,234208,155967290,96871644.9,0
XRPUSDT-1d-2022-04.csv,1.65E+12,0.6115,30-04-2023,Q2,0.6288,0.5663,0.5845,354754733,1.65E+12,214938073.9,274288,169587697,102905100.6,0
XRPUSDT-1d-2022-05.csv,1.65E+12,0.5845,01-05-2023,Q2,0.6125,0.576,0.607,279653905,1.65E+12,166027183.2,253008,141614030,84080669.43,0
XRPUSDT-1d-2022-05.csv,1.65E+12,0.607,02-05-2023,Q2,0.6312,0.5984,0.6143,332748235,1.65E+12,204458052.9,255037,171961683,105666295,0
XRPUSDT-1d-2022-05.csv,1.65E+12,0.6143,03-05-2023,Q2,0.628,0.5961,0.6047,284044788,1.65E+12,174187576.7,192989,143379359,87912050.89,0
XRPUSDT-1d-2022-05.csv,1.65E+12,0.6047,04-05-2023,Q2,0.65,0.6039,0.6459,345607731,1.65E+12,214781739.9,250260,180231681,112007405.5,0
XRPUSDT-1d-2022-05.csv,1.65E+12,0.646,05-05-2023,Q2,0.6572,0.5801,0.5981,446938464,1.65E+12,275475127.5,326425,218395211,134801102.9,0
XRPUSDT-1d-2022-05.csv,1.65E+12,0.5981,06-05-2023,Q2,0.6164,0.5875,0.6022,363872112,1.65E+12,218917267.9,281104,183578252,110428735,0
XRPUSDT-1d-2022-05.csv,1.65E+12,0.6022,07-05-2023,Q2,0.6044,0.5692,0.5808,243420987,1.65E+12,144029120.1,162836,113155415,66938455.6,0
XRPUSDT-1d-2022-05.csv,1.65E+12,0.5808,08-05-2023,Q2,0.5833,0.5572,0.5662,335981906,1.65E+12,191966430.3,204020,163008531,93148806.95,0
XRPUSDT-1d-2022-05.csv,1.65E+12,0.5663,09-05-2023,Q2,0.5789,0.47,0.4873,841979616.3,1.65E+12,440258885.1,614982,401707901.9,210048266.5,0
XRPUSDT-1d-2022-05.csv,1.65E+12,0.4872,10-05-2023,Q2,0.5371,0.4722,0.513,900790302,1.65E+12,459950527.4,637387,434905375,222042162.2,0
XRPUSDT-1d-2022-05.csv,1.65E+12,0.513,11-05-2023,Q2,0.5253,0.3646,0.4172,1598443681,1.65E+12,731722915.3,1259135,752855735.9,345813793.8,0
XRPUSDT-1d-2022-05.csv,1.65E+12,0.4172,12-05-2023,Q2,0.4296,0.3361,0.3856,1567507932,1.65E+12,594186113.5,1276059,782977731.1,296900375.3,0
XRPUSDT-1d-2022-05.csv,1.65E+12,0.3856,13-05-2023,Q2,0.4659,0.3813,0.4228,698396767,1.65E+12,301967793.8,550622,346804900,149919526.2,0
XRPUSDT-1d-2022-05.csv,1.65E+12,0.4229,14-05-2023,Q2,0.441,0.3955,0.4262,442845171,1.65E+12,185744367.7,346940,213778456,89698073.35,0
XRPUSDT-1d-2022-05.csv,1.65E+12,0.4262,15-05-2023,Q2,0.45,0.4149,0.4481,267739238,1.65E+12,114744354.5,215477,131021667,56191165.34,0
XRPUSDT-1d-2022-05.csv,1.65E+12,0.4481,16-05-2023,Q2,0.4481,0.4087,0.4231,433909248,1.65E+12,183880284.6,305356,224928418,95326831.91,0
XRPUSDT-1d-2022-05.csv,1.65E+12,0.4231,17-05-2023,Q2,0.4403,0.417,0.438,376428299,1.65E+12,162168648.9,251858,190488659,82052620.19,0
XRPUSDT-1d-2022-05.csv,1.65E+12,0.438,18-05-2023,Q2,0.4428,0.4037,0.4056,370954228,1.65E+12,155713298.6,236704,182418848,76564760.92,0
XRPUSDT-1d-2022-05.csv,1.65E+12,0.4056,19-05-2023,Q2,0.4242,0.3908,0.4205,285465302,1.65E+12,116869173.8,199622,145656295,59625099.75,0
XRPUSDT-1d-2022-05.csv,1.65E+12,0.4205,20-05-2023,Q2,0.4407,0.4016,0.4101,358049438,1.65E+12,150932151.8,221270,180661797,76181126.82,0
XRPUSDT-1d-2022-05.csv,1.65E+12,0.4101,21-05-2023,Q2,0.4183,0.403,0.4145,144232225,1.65E+12,59372483.58,92445,69925202,28783850.47,0
XRPUSDT-1d-2022-05.csv,1.65E+12,0.4144,22-05-2023,Q2,0.4255,0.4101,0.4218,143783091,1.65E+12,60032697.61,93691,72502293,30272080.66,0
XRPUSDT-1d-2022-05.csv,1.65E+12,0.4217,23-05-2023,Q2,0.4287,0.4002,0.4052,301434382,1.65E+12,126188136.6,179962,148486545,62121844.63,0
XRPUSDT-1d-2022-05.csv,1.65E+12,0.4052,24-05-2023,Q2,0.4138,0.3908,0.4086,309724750,1.65E+12,125344682.7,147275,154087251,62396369.65,0
XRPUSDT-1d-2022-05.csv,1.65E+12,0.4087,25-05-2023,Q2,0.4138,0.3948,0.406,414339536,1.65E+12,167969372.2,161858,197113019,79917672.74,0
XRPUSDT-1d-2022-05.csv,1.65E+12,0.4061,26-05-2023,Q2,0.4109,0.3753,0.392,626704757,1.65E+12,246729969.6,251980,308901803,121570237.2,0
XRPUSDT-1d-2022-05.csv,1.65E+12,0.3921,27-05-2023,Q2,0.4032,0.3764,0.3819,549974246,1.65E+12,214888250.2,235251,280708552,109682355.9,0
XRPUSDT-1d-2022-05.csv,1.65E+12,0.382,28-05-2023,Q2,0.389,0.3805,0.3863,232996058,1.65E+12,89731706.81,101729,121012872,46598972.85,0
XRPUSDT-1d-2022-05.csv,1.65E+12,0.3863,29-05-2023,Q2,0.3908,0.3794,0.3891,190159222,1.65E+12,73294559.5,80104,96943524,37370321.23,0
XRPUSDT-1d-2022-05.csv,1.65E+12,0.3891,30-05-2023,Q2,0.4197,0.3866,0.4187,371239281,1.65E+12,149384767,167873,194236066,78160019.89,0
XRPUSDT-1d-2022-05.csv,1.65E+12,0.4188,31-05-2023,Q2,0.4342,0.4065,0.4217,422313633,1.65E+12,176780178.8,207019,202580617,84806064.91,0
XRPUSDT-1d-2022-06.csv,1.65E+12,0.4217,01-06-2023,Q2,0.4266,0.3887,0.398,436983828,1.65E+12,178928611.6,200731,215019403,88095126.2,0
XRPUSDT-1d-2022-06.csv,1.65E+12,0.3981,02-06-2023,Q2,0.4072,0.3907,0.4055,350695114,1.65E+12,139400566.5,147596,176870397,70287103.19,0
XRPUSDT-1d-2022-06.csv,1.65E+12,0.4054,03-06-2023,Q2,0.4105,0.3839,0.3904,283788604,1.65E+12,112542326.4,148952,151980865,60257602.4,0
XRPUSDT-1d-2022-06.csv,1.65E+12,0.3903,04-06-2023,Q2,0.3944,0.3846,0.3925,134031506,1.65E+12,52239259.28,77118,66545797,25932690.74,0
XRPUSDT-1d-2022-06.csv,1.65E+12,0.3925,05-06-2023,Q2,0.3995,0.3895,0.3953,134209649,1.65E+12,52902644.57,73022,71195640,28064605.85,0
XRPUSDT-1d-2022-06.csv,1.65E+12,0.3954,06-06-2023,Q2,0.4099,0.394,0.4026,253767142,1.65E+12,102110040.3,130186,142292704,57276098.75,0
XRPUSDT-1d-2022-06.csv,1.65E+12,0.4027,07-06-2023,Q2,0.4175,0.3846,0.4076,418785041,1.65E+12,166280541.4,220088,203201721,80682320.45,0
XRPUSDT-1d-2022-06.csv,1.65E+12,0.4076,08-06-2023,Q2,0.4104,0.3947,0.4006,307076296,1.65E+12,123154505,165487,152660760,61224554.04,0
XRPUSDT-1d-2022-06.csv,1.65E+12,0.4007,09-06-2023,Q2,0.4041,0.3965,0.4002,253775318,1.65E+12,101687547.3,108685,124321103,49825724.72,0
XRPUSDT-1d-2022-06.csv,1.65E+12,0.4002,10-06-2023,Q2,0.4118,0.3762,0.3815,399808206,1.65E+12,157089536.9,194473,195917016,77041301.03,0
XRPUSDT-1d-2022-06.csv,1.65E+12,0.3815,11-06-2023,Q2,0.3887,0.3557,0.3599,335176735,1.65E+12,124317448,162752,165214003,61258649.77,0
XRPUSDT-1d-2022-06.csv,1.65E+12,0.3598,12-06-2023,Q2,0.3654,0.3394,0.3433,427316144,1.66E+12,149735662.4,211927,202677787,71035077.42,0
XRPUSDT-1d-2022-06.csv,1.66E+12,0.3433,13-06-2023,Q2,0.3507,0.3012,0.3118,1028751993,1.66E+12,328637316.3,508115,510439919,163052865.5,0
XRPUSDT-1d-2022-06.csv,1.66E+12,0.3117,14-06-2023,Q2,0.3267,0.2936,0.3214,778418633,1.66E+12,243464785.1,342614,378034381.9,118330382.1,0
XRPUSDT-1d-2022-06.csv,1.66E+12,0.3215,15-06-2023,Q2,0.3469,0.298,0.3436,865192872,1.66E+12,271227096.2,404846,432927616,135683790.9,0
XRPUSDT-1d-2022-06.csv,1.66E+12,0.3436,16-06-2023,Q2,0.3475,0.3073,0.3132,589816543,1.66E+12,190349169.9,238916,289891372,93503353.15,0
XRPUSDT-1d-2022-06.csv,1.66E+12,0.3132,17-06-2023,Q2,0.3397,0.3105,0.321,430655102,1.66E+12,140271381.6,198729,220129175,71720491.84,0
XRPUSDT-1d-2022-06.csv,1.66E+12,0.321,18-06-2023,Q2,0.3263,0.2872,0.3075,555977925.7,1.66E+12,170366179.9,283907,274411148,84126288.67,0
XRPUSDT-1d-2022-06.csv,1.66E+12,0.3074,19-06-2023,Q2,0.333,0.2981,0.3264,393395495,1.66E+12,123246578.7,201014,197461677,61901469.78,0
XRPUSDT-1d-2022-06.csv,1.66E+12,0.3262,20-06-2023,Q2,0.3289,0.3135,0.3227,356161086,1.66E+12,114351278.5,181160,186248397,59800007.58,0
XRPUSDT-1d-2022-06.csv,1.66E+12,0.3226,21-06-2023,Q2,0.3374,0.3187,0.3294,379691157,1.66E+12,124852730.7,187784,202444640,66561000.36,0
XRPUSDT-1d-2022-06.csv,1.66E+12,0.3294,22-06-2023,Q2,0.3297,0.319,0.3223,315095128,1.66E+12,101794452,152486,162358105,52445619.06,0
XRPUSDT-1d-2022-06.csv,1.66E+12,0.3223,23-06-2023,Q2,0.3371,0.3213,0.3358,293426615,1.66E+12,96235892.66,133928,154739109,50758562.02,0
XRPUSDT-1d-2022-06.csv,1.66E+12,0.3357,24-06-2023,Q2,0.3871,0.3348,0.3672,610286919,1.66E+12,223815201.9,364031,307745887,112897969.6,0
XRPUSDT-1d-2022-06.csv,1.66E+12,0.3672,25-06-2023,Q2,0.3741,0.3542,0.3676,216676025,1.66E+12,79123639.77,134079,105168418,38413830.96,0
XRPUSDT-1d-2022-06.csv,1.66E+12,0.3677,26-06-2023,Q2,0.3751,0.3576,0.3592,194186812,1.66E+12,71039962.4,118676,95681601,35000157.79,0
XRPUSDT-1d-2022-06.csv,1.66E+12,0.3591,27-06-2023,Q2,0.3671,0.348,0.3537,274516503,1.66E+12,98508600.88,140953,137911170,49526867.66,0
XRPUSDT-1d-2022-06.csv,1.66E+12,0.3537,28-06-2023,Q2,0.3557,0.3353,0.3375,316153206,1.66E+12,109315246.5,155206,168250606,58219456.61,0
XRPUSDT-1d-2022-06.csv,1.66E+12,0.3375,29-06-2023,Q2,0.3417,0.3201,0.3296,329827694,1.66E+12,108924493.3,163468,171354767,56593950.01,0
XRPUSDT-1d-2022-06.csv,1.66E+12,0.3296,30-06-2023,Q2,0.3333,0.3056,0.3321,463148646,1.66E+12,147393644.7,245378,237101799,75440787.79,0
XRPUSDT-1d-2022-07.csv,1.66E+12,0.332,01-07-2023,Q3,0.3363,0.31,0.3139,373042743,1.66E+12,118587657,184586,192275060,61071852.57,0
XRPUSDT-1d-2022-07.csv,1.66E+12,0.3142,02-07-2023,Q3,0.3181,0.3089,0.3156,179482724,1.66E+12,56221451.44,88251,90600502,28378354.99,0
XRPUSDT-1d-2022-07.csv,1.66E+12,0.3157,03-07-2023,Q3,0.3258,0.3085,0.3215,194701668,1.66E+12,61533546.21,107856,98899638,31272144.79,0
XRPUSDT-1d-2022-07.csv,1.66E+12,0.3216,04-07-2023,Q3,0.33,0.3146,0.3287,276890244,1.66E+12,88994114.97,126096,153753348,49394287.65,0
XRPUSDT-1d-2022-07.csv,1.66E+12,0.3287,05-07-2023,Q3,0.331,0.3128,0.3252,332749123,1.66E+12,107262278.5,146859,175922885,56699140.23,0
XRPUSDT-1d-2022-07.csv,1.66E+12,0.3252,06-07-2023,Q3,0.334,0.32,0.3324,295359140,1.66E+12,95886316.45,132366,161212789,52335913.47,0
XRPUSDT-1d-2022-07.csv,1.66E+12,0.3324,07-07-2023,Q3,0.3456,0.3269,0.3422,261063763,1.66E+12,87266153.13,126050,147439187,49264860.3,0
XRPUSDT-1d-2022-07.csv,1.66E+12,0.3423,08-07-2023,Q3,0.359,0.3359,0.3402,383269941,1.66E+12,133000861.9,213155,202818061,70409834.93,0
XRPUSDT-1d-2022-07.csv,1.66E+12,0.3403,09-07-2023,Q3,0.3477,0.3392,0.3448,131799232,1.66E+12,45267170.32,80709,67277636,23110229.74,0
XRPUSDT-1d-2022-07.csv,1.66E+12,0.3448,10-07-2023,Q3,0.3449,0.3197,0.3255,240237163,1.66E+12,79468929,124569,119299991,39439440.67,0
XRPUSDT-1d-2022-07.csv,1.66E+12,0.3256,11-07-2023,Q3,0.3292,0.3108,0.3152,246538517,1.66E+12,79546363.02,133558,130435120,42089487.42,0
XRPUSDT-1d-2022-07.csv,1.66E+12,0.3152,12-07-2023,Q3,0.3182,0.3078,0.3116,234067778,1.66E+12,73193935.24,126411,124715018,39002408.58,0
XRPUSDT-1d-2022-07.csv,1.66E+12,0.3117,13-07-2023,Q3,0.326,0.302,0.3237,354463864,1.66E+12,111462870.6,176989,182895242,57532601.37,0
XRPUSDT-1d-2022-07.csv,1.66E+12,0.3236,14-07-2023,Q3,0.334,0.3122,0.3338,323459383,1.66E+12,103892845.1,146897,176443453,56669203.72,0
XRPUSDT-1d-2022-07.csv,1.66E+12,0.3338,15-07-2023,Q3,0.349,0.3273,0.3342,392883643,1.66E+12,132631266.9,200294,213697008,72146915.62,0
XRPUSDT-1d-2022-07.csv,1.66E+12,0.3341,16-07-2023,Q3,0.3565,0.3313,0.3505,271487176,1.66E+12,93541230.76,176489,142193345,49010989.2,0
XRPUSDT-1d-2022-07.csv,1.66E+12,0.3504,17-07-2023,Q3,0.3614,0.3413,0.3433,203255685,1.66E+12,71308820.2,155405,101315331,35554172.82,0
XRPUSDT-1d-2022-07.csv,1.66E+12,0.3434,18-07-2023,Q3,0.3701,0.3429,0.3653,404237689,1.66E+12,145950885,247021,215874107,77921624.53,0
XRPUSDT-1d-2022-07.csv,1.66E+12,0.3652,19-07-2023,Q3,0.3767,0.3515,0.3729,372635897,1.66E+12,135433770.5,240551,190787717,69325586.28,0
XRPUSDT-1d-2022-07.csv,1.66E+12,0.3728,20-07-2023,Q3,0.3817,0.3572,0.3635,329852165,1.66E+12,122555674.3,219247,170114267,63255434.43,0
XRPUSDT-1d-2022-07.csv,1.66E+12,0.3635,21-07-2023,Q3,0.3685,0.3485,0.3669,276798269,1.66E+12,99082317.91,176891,134550373,48182821.77,0
XRPUSDT-1d-2022-07.csv,1.66E+12,0.3668,22-07-2023,Q3,0.3716,0.3541,0.3578,231304449,1.66E+12,84039196.26,153583,121129466,44034645.69,0
XRPUSDT-1d-2022-07.csv,1.66E+12,0.3578,23-07-2023,Q3,0.3628,0.3498,0.3592,140472336,1.66E+12,50073528.36,106298,67351566,24015350.28,0
XRPUSDT-1d-2022-07.csv,1.66E+12,0.3592,24-07-2023,Q3,0.3667,0.3558,0.3586,154710249,1.66E+12,55971080.82,111641,77556767,28059884.11,0
XRPUSDT-1d-2022-07.csv,1.66E+12,0.3585,25-07-2023,Q3,0.3602,0.335,0.3362,250777496,1.66E+12,86676259.48,151193,125589433,43419718.03,0
XRPUSDT-1d-2022-07.csv,1.66E+12,0.3362,26-07-2023,Q3,0.3385,0.3252,0.3372,248516564,1.66E+12,82443390.95,153532,120815478,40085102.93,0
XRPUSDT-1d-2022-07.csv,1.66E+12,0.3373,27-07-2023,Q3,0.3597,0.3304,0.3594,270820690,1.66E+12,92730683.93,173274,138359904,47386119.52,0
XRPUSDT-1d-2022-07.csv,1.66E+12,0.3594,28-07-2023,Q3,0.3792,0.3489,0.3739,338381188,1.66E+12,122379884.7,214156,171414799,61987597.01,0
XRPUSDT-1d-2022-07.csv,1.66E+12,0.3738,29-07-2023,Q3,0.3799,0.3596,0.3679,276456259,1.66E+12,102455414.7,186833,144385392,53526478.06,0
XRPUSDT-1d-2022-07.csv,1.66E+12,0.3679,30-07-2023,Q3,0.4099,0.3629,0.3879,388154871,1.66E+12,151212669,285884,190389680,74193402.68,0
XRPUSDT-1d-2022-07.csv,1.66E+12,0.388,31-07-2023,Q3,0.3989,0.3782,0.3792,231814092,1.66E+12,90300223.1,174085,113537479,44242347.01,0
XRPUSDT-1d-2022-08.csv,1.66E+12,0.3791,01-08-2023,Q3,0.386,0.371,0.3791,215729685,1.66E+12,81602011.27,146825,109339966,41363255.41,0
XRPUSDT-1d-2022-08.csv,1.66E+12,0.3791,02-08-2023,Q3,0.3946,0.3667,0.3714,261343324,1.66E+12,97712462.13,184337,129545005,48449982.32,0
XRPUSDT-1d-2022-08.csv,1.66E+12,0.3714,03-08-2023,Q3,0.3775,0.3631,0.3695,212254602,1.66E+12,78676859.41,137130,104744026,38832024.49,0
XRPUSDT-1d-2022-08.csv,1.66E+12,0.3695,04-08-2023,Q3,0.375,0.3643,0.371,170860294,1.66E+12,63183203.38,107315,85380072,31564774.99,0
XRPUSDT-1d-2022-08.csv,1.66E+12,0.371,05-08-2023,Q3,0.3785,0.3673,0.3764,178170072,1.66E+12,66561027.32,117145,97071624,36257586.85,0
XRPUSDT-1d-2022-08.csv,1.66E+12,0.3764,06-08-2023,Q3,0.378,0.3703,0.3715,88658479,1.66E+12,33182898.95,66502,42405437,15872414.64,0
XRPUSDT-1d-2022-08.csv,1.66E+12,0.3715,07-08-2023,Q3,0.3772,0.3682,0.3722,94432362,1.66E+12,35204727.09,65502,47947178,17876939.24,0
XRPUSDT-1d-2022-08.csv,1.66E+12,0.3723,08-08-2023,Q3,0.3847,0.371,0.3787,221476216,1.66E+12,83979590.97,128662,115977396,43979420,0
XRPUSDT-1d-2022-08.csv,1.66E+12,0.3787,09-08-2023,Q3,0.3801,0.3606,0.3672,168358813,1.66E+12,62324528.94,110373,82666286,30600207.96,0
XRPUSDT-1d-2022-08.csv,1.66E+12,0.3672,10-08-2023,Q3,0.3815,0.3583,0.3814,218617309,1.66E+12,81068105.44,142208,112384455,41691872.09,0
XRPUSDT-1d-2022-08.csv,1.66E+12,0.3814,11-08-2023,Q3,0.386,0.377,0.3802,212303676,1.66E+12,80900073.12,124815,107303586,40891650.71,0
XRPUSDT-1d-2022-08.csv,1.66E+12,0.3801,12-08-2023,Q3,0.3806,0.3699,0.3796,169377982,1.66E+12,63609314.08,102798,93156310,34983116.18,0
XRPUSDT-1d-2022-08.csv,1.66E+12,0.3797,13-08-2023,Q3,0.3876,0.3763,0.378,122728952,1.66E+12,46708311.96,85925,59296459,22568922,0
XRPUSDT-1d-2022-08.csv,1.66E+12,0.3779,14-08-2023,Q3,0.3922,0.3738,0.3757,184744299,1.66E+12,70663793.93,125664,89113137,34102471.67,0
XRPUSDT-1d-2022-08.csv,1.66E+12,0.3756,15-08-2023,Q3,0.3852,0.3658,0.3751,231352894,1.66E+12,86406258.69,141003,119381222,44598719.6,0
XRPUSDT-1d-2022-08.csv,1.66E+12,0.375,16-08-2023,Q3,0.3784,0.3666,0.377,196904975,1.66E+12,73556611.69,121180,96207662,35948624.05,0
XRPUSDT-1d-2022-08.csv,1.66E+12,0.377,17-08-2023,Q3,0.3923,0.368,0.3795,333525617,1.66E+12,126759099.1,222987,169311616,64372334.93,0
XRPUSDT-1d-2022-08.csv,1.66E+12,0.3796,18-08-2023,Q3,0.3815,0.3691,0.3704,206448429,1.66E+12,77574097.08,132439,105091124,39492137.39,0
XRPUSDT-1d-2022-08.csv,1.66E+12,0.3703,19-08-2023,Q3,0.3707,0.3309,0.3344,437831008,1.66E+12,151469808.3,252658,216949759,74980178.17,0
XRPUSDT-1d-2022-08.csv,1.66E+12,0.3345,20-08-2023,Q3,0.3428,0.3321,0.3368,206218319,1.66E+12,69893445.42,118265,101881664,34536141.69,0
XRPUSDT-1d-2022-08.csv,1.66E+12,0.3368,21-08-2023,Q3,0.3485,0.3355,0.3449,185595697,1.66E+12,63540311.14,103455,92296282,31592925.95,0
XRPUSDT-1d-2022-08.csv,1.66E+12,0.3448,22-08-2023,Q3,0.3453,0.3313,0.344,259125051,1.66E+12,87411174.77,139631,134395867,45341113.07,0
XRPUSDT-1d-2022-08.csv,1.66E+12,0.344,23-08-2023,Q3,0.348,0.3326,0.3472,224844843,1.66E+12,76705168.21,120750,117130796,39962509.1,0
XRPUSDT-1d-2022-08.csv,1.66E+12,0.3473,24-08-2023,Q3,0.3525,0.3389,0.3456,190760736,1.66E+12,65685897.52,112208,95102376,32742791.92,0
XRPUSDT-1d-2022-08.csv,1.66E+12,0.3456,25-08-2023,Q3,0.3522,0.3435,0.3491,200831070,1.66E+12,69764352.31,114924,101959250,35423162.64,0
XRPUSDT-1d-2022-08.csv,1.66E+12,0.3491,26-08-2023,Q3,0.3712,0.3325,0.3393,439211758,1.66E+12,153665419.4,269092,224371229,78493034.36,0
XRPUSDT-1d-2022-08.csv,1.66E+12,0.3393,27-08-2023,Q3,0.3447,0.3283,0.3346,175871454,1.66E+12,58855369.86,116416,87752033,29368141.12,0
XRPUSDT-1d-2022-08.csv,1.66E+12,0.3346,28-08-2023,Q3,0.3373,0.3213,0.3224,148984590,1.66E+12,49504782.34,90560,71255300,23680587.89,0
XRPUSDT-1d-2022-08.csv,1.66E+12,0.3223,29-08-2023,Q3,0.3342,0.3186,0.3337,268856257,1.66E+12,87361744.47,136287,142633743,46359313.38,0
XRPUSDT-1d-2022-08.csv,1.66E+12,0.3337,30-08-2023,Q3,0.3359,0.32,0.3267,213879108,1.66E+12,70259688.58,127485,108052191,35515375.33,0
XRPUSDT-1d-2022-08.csv,1.66E+12,0.3268,31-08-2023,Q3,0.3339,0.323,0.3277,195043842,1.66E+12,64322459.05,117716,94381318,31137094.82,0
XRPUSDT-1d-2022-09.csv,1.66E+12,0.3276,01-09-2023,Q3,0.3334,0.3215,0.3331,183564987,1.66E+12,59848811.89,113186,98551814,32119453.52,0
XRPUSDT-1d-2022-09.csv,1.66E+12,0.3332,02-09-2023,Q3,0.3355,0.3253,0.3314,179601436,1.66E+12,59352103.37,104285,93724081,30979579.14,0
XRPUSDT-1d-2022-09.csv,1.66E+12,0.3315,03-09-2023,Q3,0.335,0.3265,0.3297,103317904,1.66E+12,34043843.12,63442,49306559,16251627.51,0
XRPUSDT-1d-2022-09.csv,1.66E+12,0.3296,04-09-2023,Q3,0.3328,0.3275,0.3317,95913393,1.66E+12,31682221.19,58005,46703199,15427508.11,0
XRPUSDT-1d-2022-09.csv,1.66E+12,0.3318,05-09-2023,Q3,0.3338,0.3225,0.3329,178320876,1.66E+12,58525355.81,91431,94181774,30902887.55,0
XRPUSDT-1d-2022-09.csv,1.66E+12,0.3329,06-09-2023,Q3,0.3431,0.3154,0.3212,337153895,1.66E+12,111776654.5,191387,157130772,52124443.6,0
XRPUSDT-1d-2022-09.csv,1.66E+12,0.3212,07-09-2023,Q3,0.3386,0.312,0.3369,267709589,1.66E+12,86968475.71,141016,125965451,40930316.77,0
XRPUSDT-1d-2022-09.csv,1.66E+12,0.3369,08-09-2023,Q3,0.3434,0.3282,0.3396,234589959,1.66E+12,78333844,136630,116415824,38867163.73,0
XRPUSDT-1d-2022-09.csv,1.66E+12,0.3396,09-09-2023,Q3,0.3597,0.3394,0.3568,334849027,1.66E+12,117071573.8,187293,182474750,63800492.15,0
XRPUSDT-1d-2022-09.csv,1.66E+12,0.3568,10-09-2023,Q3,0.3622,0.3514,0.3573,186010258,1.66E+12,66220220.82,116583,90629836,32272133.27,0
XRPUSDT-1d-2022-09.csv,1.66E+12,0.3574,11-09-2023,Q3,0.3604,0.3485,0.3552,146159090,1.66E+12,51919619.54,86088,73913953,26256792.27,0
XRPUSDT-1d-2022-09.csv,1.66E+12,0.3551,12-09-2023,Q3,0.3602,0.3478,0.3598,243143764,1.66E+12,86092131.73,132001,131431520,46537733.47,0
XRPUSDT-1d-2022-09.csv,1.66E+12,0.3598,13-09-2023,Q3,0.3603,0.3308,0.3326,364278378,1.66E+12,125815020.3,198832,173399591,59938366.67,0
XRPUSDT-1d-2022-09.csv,1.66E+12,0.3326,14-09-2023,Q3,0.3442,0.3312,0.3415,308604961,1.66E+12,103931939.7,168172,156806911,52801586.05,0
XRPUSDT-1d-2022-09.csv,1.66E+12,0.3415,15-09-2023,Q3,0.3429,0.3241,0.3261,406236125,1.66E+12,135422916.2,181640,173358934,57778845.02,0
XRPUSDT-1d-2022-09.csv,1.66E+12,0.3261,16-09-2023,Q3,0.3581,0.3216,0.3552,370003740,1.66E+12,124260288.7,162183,186885609,62763820.57,0
XRPUSDT-1d-2022-09.csv,1.66E+12,0.3552,17-09-2023,Q3,0.381,0.3464,0.3762,443007880,1.66E+12,162050300.8,247164,214475018,78430812.52,0
XRPUSDT-1d-2022-09.csv,1.66E+12,0.3762,18-09-2023,Q3,0.3981,0.3556,0.3576,680858418,1.66E+12,258614760.4,444651,333280981,126660538.6,0
XRPUSDT-1d-2022-09.csv,1.66E+12,0.3578,19-09-2023,Q3,0.3932,0.3401,0.3848,737172977,1.66E+12,265844871.9,451339,377962935,136230291.8,0
XRPUSDT-1d-2022-09.csv,1.66E+12,0.3847,20-09-2023,Q3,0.4242,0.3704,0.414,1113792429,1.66E+12,442009185.3,628936,522955801,207498980.5,0
XRPUSDT-1d-2022-09.csv,1.66E+12,0.4139,21-09-2023,Q3,0.434,0.38,0.3936,925735817,1.66E+12,372966189.4,643141,434816448,175240458,0
XRPUSDT-1d-2022-09.csv,1.66E+12,0.3936,22-09-2023,Q3,0.5,0.3933,0.4862,1322834928,1.66E+12,590174749.7,791009,629956605,281191324.6,0
XRPUSDT-1d-2022-09.csv,1.66E+12,0.4861,23-09-2023,Q3,0.559,0.4564,0.5069,1820625745,1.66E+12,917768864.5,1330406,898615314,453130948.4,0
XRPUSDT-1d-2022-09.csv,1.66E+12,0.5069,24-09-2023,Q3,0.5195,0.4717,0.4878,711158721,1.66E+12,352715614.3,593855,353473531,175360287.6,0
XRPUSDT-1d-2022-09.csv,1.66E+12,0.4879,25-09-2023,Q3,0.5215,0.4757,0.4917,738162563,1.66E+12,366984733.5,573784,368900786,183394000.8,0
XRPUSDT-1d-2022-09.csv,1.66E+12,0.4916,26-09-2023,Q3,0.502,0.4576,0.4683,626520230,1.66E+12,296847521.5,415486,312958187,148308701.4,0
XRPUSDT-1d-2022-09.csv,1.66E+12,0.4682,27-09-2023,Q3,0.4882,0.435,0.4457,628394011,1.66E+12,292038620.6,410125,296354526,137912022,0
XRPUSDT-1d-2022-09.csv,1.66E+12,0.4458,28-09-2023,Q3,0.4558,0.4168,0.4489,595920283,1.66E+12,257517246.6,367581,278932240,120552174.8,0
XRPUSDT-1d-2022-09.csv,1.66E+12,0.4491,29-09-2023,Q3,0.5109,0.4266,0.4877,788666701,1.66E+12,365979762.8,516418,375407350,174557632.4,0
XRPUSDT-1d-2022-09.csv,1.66E+12,0.4876,30-09-2023,Q3,0.4992,0.4667,0.4799,683028303,1.66E+12,330105163.4,499348,344908814,166690857.3,0
XRPUSDT-1d-2022-10.csv,1.66E+12,0.4799,01-10-2023,Q4,0.4865,0.4667,0.4754,332745201,1.66E+12,158398722.6,232022,163798047,77976935.29,0
XRPUSDT-1d-2022-10.csv,1.66E+12,0.4753,02-10-2023,Q4,0.4785,0.443,0.4485,331325448,1.66E+12,152945188.2,252363,158654005,73261211.99,0
XRPUSDT-1d-2022-10.csv,1.66E+12,0.4485,03-10-2023,Q4,0.4694,0.4372,0.4621,393625435,1.66E+12,177658038.7,251290,200455491,90449501.14,0
XRPUSDT-1d-2022-10.csv,1.66E+12,0.4622,04-10-2023,Q4,0.4858,0.4515,0.4795,528294804,1.66E+12,248921030.6,302972,233846670,110170981.3,0
XRPUSDT-1d-2022-10.csv,1.66E+12,0.4795,05-10-2023,Q4,0.502,0.4716,0.4887,582675616,1.67E+12,283275013.7,356443,251510091,122302085,0
XRPUSDT-1d-2022-10.csv,1.67E+12,0.4888,06-10-2023,Q4,0.5063,0.4883,0.4934,412623504,1.67E+12,204870809.1,271931,178234322,88512335.18,0
XRPUSDT-1d-2022-10.csv,1.67E+12,0.4934,07-10-2023,Q4,0.5339,0.48,0.5177,523500800,1.67E+12,262944156.6,364491,254585052,127872814.7,0
XRPUSDT-1d-2022-10.csv,1.67E+12,0.5177,08-10-2023,Q4,0.5292,0.5111,0.517,340783746,1.67E+12,177286870.9,257256,163746919,85190214.95,0
XRPUSDT-1d-2022-10.csv,1.67E+12,0.5171,09-10-2023,Q4,0.549,0.506,0.5325,366379188,1.67E+12,193058849.3,264444,181625117,95694697.41,0
XRPUSDT-1d-2022-10.csv,1.67E+12,0.5325,10-10-2023,Q4,0.538,0.4927,0.4939,519737735,1.67E+12,269405146.7,415923,224698117,116475843.1,0
XRPUSDT-1d-2022-10.csv,1.67E+12,0.4939,11-10-2023,Q4,0.5025,0.4768,0.4861,445279743,1.67E+12,218448308.6,353731,200178299,98221469.15,0
XRPUSDT-1d-2022-10.csv,1.67E+12,0.486,12-10-2023,Q4,0.496,0.482,0.4881,245221984,1.67E+12,119808283.8,177528,116341342,56841144.52,0
XRPUSDT-1d-2022-10.csv,1.67E+12,0.4881,13-10-2023,Q4,0.4898,0.4401,0.4791,601751609,1.67E+12,280980866.2,414916,274106028,127897991.5,0
XRPUSDT-1d-2022-10.csv,1.67E+12,0.4791,14-10-2023,Q4,0.5125,0.4782,0.4883,457259209,1.67E+12,227388022,305648,218857625,108864925.3,0
XRPUSDT-1d-2022-10.csv,1.67E+12,0.4882,15-10-2023,Q4,0.49,0.4774,0.4818,155163123,1.67E+12,75131086.25,103097,72547806,35151553.66,0
XRPUSDT-1d-2022-10.csv,1.67E+12,0.4818,16-10-2023,Q4,0.4876,0.468,0.4766,220894101,1.67E+12,105829602.9,128741,106658207,51090785.77,0
XRPUSDT-1d-2022-10.csv,1.67E+12,0.4765,17-10-2023,Q4,0.4825,0.4627,0.4804,266511552,1.67E+12,126134721.5,185876,134684341,63743774.73,0
XRPUSDT-1d-2022-10.csv,1.67E+12,0.4804,18-10-2023,Q4,0.4843,0.4571,0.4658,289689721,1.67E+12,136197440.4,183992,134965358,63464184.93,0
XRPUSDT-1d-2022-10.csv,1.67E+12,0.4657,19-10-2023,Q4,0.4667,0.4471,0.4504,330327507,1.67E+12,151199222.1,194462,159014856,72803191.22,0
XRPUSDT-1d-2022-10.csv,1.67E+12,0.4504,20-10-2023,Q4,0.4646,0.4224,0.4465,396744045,1.67E+12,178394403.4,269299,193688485,87178376.07,0
XRPUSDT-1d-2022-10.csv,1.67E+12,0.4465,21-10-2023,Q4,0.4617,0.4336,0.4614,362000551,1.67E+12,161784866.2,209686,170326924,76120399.7,0
XRPUSDT-1d-2022-10.csv,1.67E+12,0.4613,22-10-2023,Q4,0.4708,0.4561,0.4653,168922503,1.67E+12,78201141.14,112690,77335894,35808060.64,0
XRPUSDT-1d-2022-10.csv,1.67E+12,0.4653,23-10-2023,Q4,0.4726,0.4518,0.4688,201619037,1.67E+12,93094955.43,124146,94017629,43420886.32,0
XRPUSDT-1d-2022-10.csv,1.67E+12,0.4688,24-10-2023,Q4,0.473,0.4478,0.4529,269189993,1.67E+12,123072922.5,142859,120157828,54917692.04,0
XRPUSDT-1d-2022-10.csv,1.67E+12,0.453,25-10-2023,Q4,0.4728,0.4434,0.4605,350361399,1.67E+12,160081457.7,215880,171598905,78409051.65,0
XRPUSDT-1d-2022-10.csv,1.67E+12,0.4606,26-10-2023,Q4,0.4715,0.4562,0.4689,308800077,1.67E+12,143488385.6,196965,144018308,66913662.92,0
XRPUSDT-1d-2022-10.csv,1.67E+12,0.4689,27-10-2023,Q4,0.4824,0.4584,0.4615,386147200,1.67E+12,181953642.4,238788,187029208,88157259.92,0
XRPUSDT-1d-2022-10.csv,1.67E+12,0.4615,28-10-2023,Q4,0.4755,0.4564,0.4744,258511622,1.67E+12,120199098.1,157002,117686288,54732087.29,0
XRPUSDT-1d-2022-10.csv,1.67E+12,0.4743,29-10-2023,Q4,0.4837,0.4657,0.4701,284375501,1.67E+12,134590023.7,201794,135809120,64287057.08,0
XRPUSDT-1d-2022-10.csv,1.67E+12,0.4702,30-10-2023,Q4,0.4735,0.4537,0.4582,182831402,1.67E+12,84820357.73,133563,84765782,39344717.62,0
XRPUSDT-1d-2022-10.csv,1.67E+12,0.4582,31-10-2023,Q4,0.4674,0.4476,0.4641,291632134,1.67E+12,133261256.4,198148,146969703,67182951.42,0
XRPUSDT-1d-2022-11.csv,1.67E+12,0.464,01-11-2023,Q4,0.467,0.4543,0.4636,272552886,1.67E+12,125642112.1,180944,125830091,58021037.52,0
XRPUSDT-1d-2022-11.csv,1.67E+12,0.4635,02-11-2023,Q4,0.4659,0.4451,0.4497,305327596,1.67E+12,139704185.4,221321,140671429,64406123.64,0
XRPUSDT-1d-2022-11.csv,1.67E+12,0.4498,03-11-2023,Q4,0.4598,0.4487,0.4548,221405589,1.67E+12,100942726.2,151898,104803967,47790138.03,0
XRPUSDT-1d-2022-11.csv,1.67E+12,0.4548,04-11-2023,Q4,0.5078,0.4532,0.5064,561979429,1.67E+12,274689740.9,415590,276164137,134949298.9,0
XRPUSDT-1d-2022-11.csv,1.67E+12,0.5063,05-11-2023,Q4,0.51,0.489,0.493,199360700,1.67E+12,99431885.51,190220,97184409,48486618.55,0
XRPUSDT-1d-2022-11.csv,1.67E+12,0.493,06-11-2023,Q4,0.4947,0.468,0.4709,163125807,1.67E+12,79239163.69,136737,75421138,36664570.84,0
XRPUSDT-1d-2022-11.csv,1.67E+12,0.4708,07-11-2023,Q4,0.48,0.4585,0.4648,325333918,1.67E+12,153239698.3,215747,140674033,66281947.74,0
XRPUSDT-1d-2022-11.csv,1.67E+12,0.4647,08-11-2023,Q4,0.4669,0.3355,0.4059,978082649,1.67E+12,413070512.8,685459,427976370,180541812.9,0
XRPUSDT-1d-2022-11.csv,1.67E+12,0.4059,09-11-2023,Q4,0.411,0.316,0.3331,908074197,1.67E+12,334989216,655564,404429799,149198267.2,0
XRPUSDT-1d-2022-11.csv,1.67E+12,0.3332,10-11-2023,Q4,0.403,0.3301,0.3942,815070852,1.67E+12,301512853.2,571158,385064470,142649050,0
XRPUSDT-1d-2022-11.csv,1.67E+12,0.3942,11-11-2023,Q4,0.3991,0.3661,0.3843,477945830,1.67E+12,182755584.3,371420,213380823,81549654.9,0
XRPUSDT-1d-2022-11.csv,1.67E+12,0.3843,12-11-2023,Q4,0.3846,0.3592,0.3636,254821436,1.67E+12,93930662.57,185956,124252437,45808046.45,0
XRPUSDT-1d-2022-11.csv,1.67E+12,0.3635,13-11-2023,Q4,0.3694,0.3325,0.3408,334510449,1.67E+12,116988962.6,245447,146909223,51402121.51,0
XRPUSDT-1d-2022-11.csv,1.67E+12,0.3409,14-11-2023,Q4,0.3796,0.321,0.3776,693547037,1.67E+12,241833210.1,474551,318057879,110936320.7,0
XRPUSDT-1d-2022-11.csv,1.67E+12,0.3775,15-11-2023,Q4,0.3977,0.3668,0.3888,541305225,1.67E+12,207028793.3,397121,253866537,97142845.49,0
XRPUSDT-1d-2022-11.csv,1.67E+12,0.3887,16-11-2023,Q4,0.3915,0.3614,0.3752,363276410,1.67E+12,136953796.3,260049,180285056,68001644.85,0
XRPUSDT-1d-2022-11.csv,1.67E+12,0.3751,17-11-2023,Q4,0.3873,0.3691,0.3819,413772413,1.67E+12,156120059.8,263552,207019266,78081706.02,0
XRPUSDT-1d-2022-11.csv,1.67E+12,0.3819,18-11-2023,Q4,0.3878,0.3733,0.3829,292591109,1.67E+12,111602519.5,172434,151611474,57829190.48,0
XRPUSDT-1d-2022-11.csv,1.67E+12,0.3829,19-11-2023,Q4,0.3886,0.3752,0.3841,145313373,1.67E+12,55292721.17,97089,68704481,26147539.87,0
XRPUSDT-1d-2022-11.csv,1.67E+12,0.3842,20-11-2023,Q4,0.3969,0.3585,0.3608,308373842,1.67E+12,116439995.1,194598,140735919,53175093.86,0
XRPUSDT-1d-2022-11.csv,1.67E+12,0.3608,21-11-2023,Q4,0.369,0.3457,0.3645,591706474,1.67E+12,210059781.7,289588,281516299,99890134.31,0
XRPUSDT-1d-2022-11.csv,1.67E+12,0.3645,22-11-2023,Q4,0.3784,0.3513,0.3757,464705247,1.67E+12,169687796.3,237727,225203354,82265424.14,0
XRPUSDT-1d-2022-11.csv,1.67E+12,0.3758,23-11-2023,Q4,0.3824,0.3682,0.3815,354058802,1.67E+12,133209854.5,204708,176578209,66432937.76,0
XRPUSDT-1d-2022-11.csv,1.67E+12,0.3816,24-11-2023,Q4,0.405,0.3742,0.4018,454087891,1.67E+12,177033036.2,249480,222635598,86756756.54,0
XRPUSDT-1d-2022-11.csv,1.67E+12,0.4018,25-11-2023,Q4,0.4194,0.3888,0.4078,428503257,1.67E+12,173684378.2,297740,207257431,84067111.9,0
XRPUSDT-1d-2022-11.csv,1.67E+12,0.4077,26-11-2023,Q4,0.4146,0.3927,0.396,184581391,1.67E+12,74555148.84,126149,84383604,34087933.57,0
XRPUSDT-1d-2022-11.csv,1.67E+12,0.396,27-11-2023,Q4,0.4096,0.3942,0.3962,199432182,1.67E+12,80197421.67,125340,93450039,37585394.49,0
XRPUSDT-1d-2022-11.csv,1.67E+12,0.3961,28-11-2023,Q4,0.3991,0.373,0.3888,434930297,1.67E+12,166423172.5,240458,216541344,82848582.11,0
XRPUSDT-1d-2022-11.csv,1.67E+12,0.3888,29-11-2023,Q4,0.4039,0.3829,0.3981,355638077,1.67E+12,139342591,195717,178271306,69837843.08,0
XRPUSDT-1d-2022-11.csv,1.67E+12,0.3981,30-11-2023,Q4,0.4117,0.3926,0.4078,329757224,1.67E+12,132883249,191495,162197210,65361438.04,0
XRPUSDT-1d-2022-12.csv,1.67E+12,0.4078,01-12-2023,Q4,0.4093,0.3944,0.3969,251203503,1.67E+12,100381351.2,141670,133397950,53296310.26,0
XRPUSDT-1d-2022-12.csv,1.67E+12,0.3968,02-12-2023,Q4,0.3975,0.3838,0.3961,257877078,1.67E+12,100555120.3,137052,138441788,53970617.13,0
XRPUSDT-1d-2022-12.csv,1.67E+12,0.3961,03-12-2023,Q4,0.3973,0.3853,0.3873,152919238,1.67E+12,59974445.92,87264,73047643,28657295.57,0
XRPUSDT-1d-2022-12.csv,1.67E+12,0.3873,04-12-2023,Q4,0.3932,0.386,0.3895,134434499,1.67E+12,52399718.84,80207,65279404,25447929.06,0
XRPUSDT-1d-2022-12.csv,1.67E+12,0.3895,05-12-2023,Q4,0.3954,0.38,0.3893,338205071,1.67E+12,132061033.3,169162,176414438,68900207.69,0
XRPUSDT-1d-2022-12.csv,1.67E+12,0.3893,06-12-2023,Q4,0.3925,0.3808,0.3914,302191639,1.67E+12,116660558.7,139542,156219831,60302597.01,0
XRPUSDT-1d-2022-12.csv,1.67E+12,0.3914,07-12-2023,Q4,0.3925,0.3733,0.3835,307733325,1.67E+12,117648523.9,145538,159335388,60890131.03,0
XRPUSDT-1d-2022-12.csv,1.67E+12,0.3834,08-12-2023,Q4,0.3962,0.3826,0.3941,276255107,1.67E+12,107330684.7,130361,146298225,56842001.97,0
XRPUSDT-1d-2022-12.csv,1.67E+12,0.3942,09-12-2023,Q4,0.3952,0.3843,0.3889,259535105,1.67E+12,101327794.3,114693,136114404,53155999.26,0
XRPUSDT-1d-2022-12.csv,1.67E+12,0.3889,10-12-2023,Q4,0.3893,0.3854,0.3865,99433210,1.67E+12,38539886.55,48873,50214880,19464560.37,0
XRPUSDT-1d-2022-12.csv,1.67E+12,0.3865,11-12-2023,Q4,0.3886,0.3778,0.3809,96374128,1.67E+12,37091781.15,54465,44409030,17090962.74,0
XRPUSDT-1d-2022-12.csv,1.67E+12,0.3808,12-12-2023,Q4,0.3898,0.3707,0.3874,348028456,1.67E+12,131257104.3,154324,179058204,67545714.09,0
XRPUSDT-1d-2022-12.csv,1.67E+12,0.3875,13-12-2023,Q4,0.397,0.3786,0.3952,440118070,1.67E+12,170665867.2,183015,193709302,75142431.44,0
XRPUSDT-1d-2022-12.csv,1.67E+12,0.3953,14-12-2023,Q4,0.3956,0.3768,0.3853,329607186,1.67E+12,128096972.3,159487,153152832,59530626.85,0
XRPUSDT-1d-2022-12.csv,1.67E+12,0.3852,15-12-2023,Q4,0.3867,0.3735,0.378,226540166,1.67E+12,86076180.48,110423,107018919,40661038.66,0
XRPUSDT-1d-2022-12.csv,1.67E+12,0.3779,16-12-2023,Q4,0.3799,0.344,0.3511,376428572,1.67E+12,136784621.9,191524,173898248,63219737.87,0
XRPUSDT-1d-2022-12.csv,1.67E+12,0.351,17-12-2023,Q4,0.3598,0.3467,0.3545,208492422,1.67E+12,73591621.36,101459,102454721,36164981.7,0
XRPUSDT-1d-2022-12.csv,1.67E+12,0.3545,18-12-2023,Q4,0.3556,0.3473,0.3499,115421793,1.67E+12,40560825.17,57021,54046463,18991622.91,0
XRPUSDT-1d-2022-12.csv,1.67E+12,0.3499,19-12-2023,Q4,0.353,0.332,0.3389,365699862,1.67E+12,124752930.5,157200,188999762,64507554.13,0
XRPUSDT-1d-2022-12.csv,1.67E+12,0.3389,20-12-2023,Q4,0.3532,0.3359,0.3482,312424782,1.67E+12,107517453,139690,162934108,56071424.68,0
XRPUSDT-1d-2022-12.csv,1.67E+12,0.3482,21-12-2023,Q4,0.3505,0.3371,0.3449,287425951,1.67E+12,98626729.86,122619,140967199,48368489.5,0
XRPUSDT-1d-2022-12.csv,1.67E+12,0.3448,22-12-2023,Q4,0.3503,0.3414,0.3492,255155313,1.67E+12,88031727.67,107083,133491182,46059211.71,0
XRPUSDT-1d-2022-12.csv,1.67E+12,0.3492,23-12-2023,Q4,0.355,0.3471,0.3543,221882542,1.67E+12,77773302.92,93441,113543025,39802950.95,0
XRPUSDT-1d-2022-12.csv,1.67E+12,0.3542,24-12-2023,Q4,0.3544,0.3509,0.3517,62857912,1.67E+12,22136772.34,37337,29635988,10437010.99,0
XRPUSDT-1d-2022-12.csv,1.67E+12,0.3518,25-12-2023,Q4,0.3519,0.3439,0.3457,100344595,1.67E+12,34843179.26,50316,45533757,15810418.48,0
XRPUSDT-1d-2022-12.csv,1.67E+12,0.3457,26-12-2023,Q4,0.37,0.3455,0.3658,337834881,1.67E+12,121074083.2,138424,166845263,59703975.43,0
XRPUSDT-1d-2022-12.csv,1.67E+12,0.3657,27-12-2023,Q4,0.3731,0.3586,0.3675,385194770,1.67E+12,141396481,181577,185304598,68031985.53,0
XRPUSDT-1d-2022-12.csv,1.67E+12,0.3675,28-12-2023,Q4,0.3687,0.3546,0.3558,337095747,1.67E+12,121246075,164923,165972570,59689948.07,0
XRPUSDT-1d-2022-12.csv,1.67E+12,0.3559,29-12-2023,Q4,0.3577,0.3361,0.3421,347820025,1.67E+12,120106923.5,159297,170655080,58924410.83,0
XRPUSDT-1d-2022-12.csv,1.67E+12,0.3421,30-12-2023,Q4,0.3461,0.3337,0.3451,270037618,1.67E+12,91624064.77,123668,137330213,46604252.08,0
XRPUSDT-1d-2022-12.csv,1.67E+12,0.345,31-12-2023,Q4,0.3453,0.3384,0.3389,138156698,1.67E+12,47233960.19,60883,65237169,22305909.87,0
