Source.Name,Open time,Open,Date,Quartile,Month,High,Low,Close,Volume,Close time,Quote asset volume,Number of trades,Taker buy base asset volume,Taker buy quote asset volume,Ignore
XRPUSDT-1d-2023-01.csv,1.67E+12,0.3389,01-01-2023,Q1,January,0.34,0.3354,0.3387,102026821,1.67E+12,34471638.57,48661,53592277,18107900.65,0
XRPUSDT-1d-2023-01.csv,1.67E+12,0.3386,02-01-2023,Q1,January,0.3555,0.3,0.3482,647520487,1.67E+12,217803999.7,285660,320823575,108056946.6,0
XRPUSDT-1d-2023-01.csv,1.67E+12,0.3482,03-01-2023,Q1,January,0.352,0.3395,0.3436,346410334,1.67E+12,119511328.7,154113,172318472,59448460.9,0
XRPUSDT-1d-2023-01.csv,1.67E+12,0.3436,04-01-2023,Q1,January,0.3605,0.339,0.3472,372672796,1.67E+12,129585304.7,147677,193027855,67139279.1,0
XRPUSDT-1d-2023-01.csv,1.67E+12,0.3471,05-01-2023,Q1,January,0.3487,0.3333,0.338,265529668,1.67E+12,90735849.14,106910,129294274,44187813.67,0
XRPUSDT-1d-2023-01.csv,1.67E+12,0.338,06-01-2023,Q1,January,0.3462,0.3311,0.3443,278304929,1.67E+12,93853937.03,124811,141179233,47616379.19,0
XRPUSDT-1d-2023-01.csv,1.67E+12,0.3442,07-01-2023,Q1,January,0.3457,0.3413,0.3442,103851424,1.67E+12,35685499.47,54864,50831317,17471422.57,0
XRPUSDT-1d-2023-01.csv,1.67E+12,0.3442,08-01-2023,Q1,January,0.3469,0.3354,0.3452,185516324,1.67E+12,63235820,87967,92948507,31689407.39,0
XRPUSDT-1d-2023-01.csv,1.67E+12,0.3452,09-01-2023,Q1,January,0.3576,0.3437,0.349,527746615,1.67E+12,185161444.3,207757,254824357,89419804.37,0
XRPUSDT-1d-2023-01.csv,1.67E+12,0.3489,10-01-2023,Q1,January,0.3541,0.3432,0.3507,338577860,1.67E+12,118256165.2,126247,173055172,60442037.71,0
XRPUSDT-1d-2023-01.csv,1.67E+12,0.3506,11-01-2023,Q1,January,0.3785,0.3477,0.3728,626037461,1.67E+12,228637315.4,264481,316060030,115363462.2,0
XRPUSDT-1d-2023-01.csv,1.67E+12,0.3728,12-01-2023,Q1,January,0.382,0.3607,0.3748,505754231,1.67E+12,188241999.7,229155,249878743,93006864.75,0
XRPUSDT-1d-2023-01.csv,1.67E+12,0.3748,13-01-2023,Q1,January,0.3868,0.368,0.3858,405120914,1.67E+12,152479844.1,180943,201571197,75872846.41,0
XRPUSDT-1d-2023-01.csv,1.67E+12,0.3857,14-01-2023,Q1,January,0.4089,0.3766,0.3953,582781070,1.67E+12,230545836.2,298604,287515587,113750224.1,0
XRPUSDT-1d-2023-01.csv,1.67E+12,0.3953,15-01-2023,Q1,January,0.3969,0.3795,0.3845,294014260,1.67E+12,113574492.7,149500,140444062,54247747.68,0
XRPUSDT-1d-2023-01.csv,1.67E+12,0.3846,16-01-2023,Q1,January,0.4064,0.3777,0.3855,542041099,1.67E+12,211557382.2,244213,259538816,101299609.2,0
XRPUSDT-1d-2023-01.csv,1.67E+12,0.3855,17-01-2023,Q1,January,0.3987,0.379,0.3868,378212343,1.67E+12,146669509.5,175149,183711027,71232383.44,0
XRPUSDT-1d-2023-01.csv,1.67E+12,0.3868,18-01-2023,Q1,January,0.3964,0.3655,0.3782,615064764,1.67E+12,236217050.7,297896,294249478,113039587,0
XRPUSDT-1d-2023-01.csv,1.67E+12,0.3782,19-01-2023,Q1,January,0.3965,0.3762,0.3928,416112670,1.67E+12,161047075.8,194843,204941131,79300131.86,0
XRPUSDT-1d-2023-01.csv,1.67E+12,0.3929,20-01-2023,Q1,January,0.4141,0.3859,0.4129,366316527,1.67E+12,145683006.8,191888,188711387,74980784.29,0
XRPUSDT-1d-2023-01.csv,1.67E+12,0.4129,21-01-2023,Q1,January,0.4166,0.3967,0.4034,346602583,1.67E+12,141823531.6,198254,165478405,67719633.3,0
XRPUSDT-1d-2023-01.csv,1.67E+12,0.4034,22-01-2023,Q1,January,0.4122,0.3962,0.4004,250067543,1.67E+12,101062837.5,140303,120634816,48755338.55,0
XRPUSDT-1d-2023-01.csv,1.67E+12,0.4004,23-01-2023,Q1,January,0.433,0.3995,0.4234,723894773,1.67E+12,304618525.3,337146,336521405,141588487.2,0
XRPUSDT-1d-2023-01.csv,1.67E+12,0.4233,24-01-2023,Q1,January,0.4312,0.4025,0.4078,411297898,1.67E+12,172683239.9,223346,192361934,80790644.37,0
XRPUSDT-1d-2023-01.csv,1.67E+12,0.4079,25-01-2023,Q1,January,0.4245,0.3965,0.417,375065459,1.67E+12,153118089,188870,186827318,76244377.78,0
XRPUSDT-1d-2023-01.csv,1.67E+12,0.417,26-01-2023,Q1,January,0.4178,0.4053,0.4092,290069659,1.67E+12,119450988.3,151650,143837698,59220498.82,0
XRPUSDT-1d-2023-01.csv,1.67E+12,0.4091,27-01-2023,Q1,January,0.4135,0.3988,0.4128,274281738,1.67E+12,111625093,133853,136378774,55507502.56,0
XRPUSDT-1d-2023-01.csv,1.67E+12,0.4127,28-01-2023,Q1,January,0.4168,0.4055,0.4078,148949278,1.67E+12,61120997.81,83036,70856591,29083649.28,0
XRPUSDT-1d-2023-01.csv,1.67E+12,0.4078,29-01-2023,Q1,January,0.4173,0.4066,0.4134,166884667,1.68E+12,68802706.76,95305,79235849,32669617.34,0
XRPUSDT-1d-2023-01.csv,1.68E+12,0.4135,30-01-2023,Q1,January,0.4222,0.386,0.3934,433795926,1.68E+12,174875593.1,205691,213480378,86141832.61,0
XRPUSDT-1d-2023-01.csv,1.68E+12,0.3933,31-01-2023,Q1,January,0.4113,0.388,0.4057,346580963,1.68E+12,138238341.8,166935,174978218,69716355.95,0
XRPUSDT-1d-2023-02.csv,1.68E+12,0.4058,01-02-2023,Q1,February,0.4157,0.3962,0.4131,379103907,1.68E+12,153259801.6,186726,184988147,74752103.68,0
XRPUSDT-1d-2023-02.csv,1.68E+12,0.4132,02-02-2023,Q1,February,0.4192,0.408,0.4098,322532370,1.68E+12,133341656.2,165464,163472668,67587785.77,0
XRPUSDT-1d-2023-02.csv,1.68E+12,0.4097,03-02-2023,Q1,February,0.4137,0.4054,0.4117,274689680,1.68E+12,112603154.5,133447,141671977,58080968.91,0
XRPUSDT-1d-2023-02.csv,1.68E+12,0.4116,04-02-2023,Q1,February,0.4204,0.4075,0.4106,178134111,1.68E+12,73370958.02,95986,83662124,34471548.46,0
XRPUSDT-1d-2023-02.csv,1.68E+12,0.4106,05-02-2023,Q1,February,0.412,0.3942,0.3984,237111362,1.68E+12,95563098.09,134236,112747647,45453079.2,0
XRPUSDT-1d-2023-02.csv,1.68E+12,0.3985,06-02-2023,Q1,February,0.4037,0.3909,0.392,315995053,1.68E+12,125897156.3,145740,159859675,63699592.12,0
XRPUSDT-1d-2023-02.csv,1.68E+12,0.3921,07-02-2023,Q1,February,0.4048,0.3901,0.4036,356160688,1.68E+12,141141108.6,145406,183248723,72607710.11,0
XRPUSDT-1d-2023-02.csv,1.68E+12,0.4037,08-02-2023,Q1,February,0.406,0.3936,0.3975,263188839,1.68E+12,105265066.9,104320,123235097,49287325.66,0
XRPUSDT-1d-2023-02.csv,1.68E+12,0.3975,09-02-2023,Q1,February,0.4092,0.3726,0.3819,526681339,1.68E+12,206981490.6,255958,250575924,98553873.54,0
XRPUSDT-1d-2023-02.csv,1.68E+12,0.3818,10-02-2023,Q1,February,0.3878,0.3771,0.3817,279931749,1.68E+12,107300522.3,129469,139730701,53554602.23,0
XRPUSDT-1d-2023-02.csv,1.68E+12,0.3818,11-02-2023,Q1,February,0.3841,0.3798,0.3833,123179600,1.68E+12,47064308.76,59338,54359454,20769517.18,0
XRPUSDT-1d-2023-02.csv,1.68E+12,0.3834,12-02-2023,Q1,February,0.385,0.3716,0.3747,135976322,1.68E+12,51727784.25,70222,62447787,23753707.63,0
XRPUSDT-1d-2023-02.csv,1.68E+12,0.3747,13-02-2023,Q1,February,0.3783,0.3612,0.3703,382768169,1.68E+12,141477064.8,158099,190350024,70362221.97,0
XRPUSDT-1d-2023-02.csv,1.68E+12,0.3703,14-02-2023,Q1,February,0.3839,0.3644,0.3819,372274074,1.68E+12,138499878.3,160722,196180773,72994759.07,0
XRPUSDT-1d-2023-02.csv,1.68E+12,0.3819,15-02-2023,Q1,February,0.4024,0.3765,0.4011,370966882,1.68E+12,143859246.6,150550,183280682,71037186.52,0
XRPUSDT-1d-2023-02.csv,1.68E+12,0.401,16-02-2023,Q1,February,0.4048,0.384,0.3841,450636395,1.68E+12,179200203.7,193412,225043586,89555461.72,0
XRPUSDT-1d-2023-02.csv,1.68E+12,0.3841,17-02-2023,Q1,February,0.4,0.3809,0.395,358052399,1.68E+12,139644124.6,149639,187919337,73283588.77,0
XRPUSDT-1d-2023-02.csv,1.68E+12,0.3949,18-02-2023,Q1,February,0.3976,0.3911,0.3943,145625421,1.68E+12,57400872.44,73236,69380555,27349230.45,0
XRPUSDT-1d-2023-02.csv,1.68E+12,0.3942,19-02-2023,Q1,February,0.3981,0.3845,0.3863,237992952,1.68E+12,93146713.94,120434,116193819,45470936.5,0
XRPUSDT-1d-2023-02.csv,1.68E+12,0.3862,20-02-2023,Q1,February,0.409,0.3774,0.3984,557018367,1.68E+12,220336014.7,224246,278894507,110244972.7,0
XRPUSDT-1d-2023-02.csv,1.68E+12,0.3985,21-02-2023,Q1,February,0.4025,0.3872,0.3919,448284088,1.68E+12,176374645.5,170551,225085280,88578978.1,0
XRPUSDT-1d-2023-02.csv,1.68E+12,0.392,22-02-2023,Q1,February,0.3977,0.3828,0.3953,389277544,1.68E+12,151813602.9,161983,199048660,77597400.09,0
XRPUSDT-1d-2023-02.csv,1.68E+12,0.3953,23-02-2023,Q1,February,0.3979,0.3853,0.3882,348351954,1.68E+12,136524364.8,151055,185760178,72805734.05,0
XRPUSDT-1d-2023-02.csv,1.68E+12,0.3883,24-02-2023,Q1,February,0.3908,0.3723,0.3783,356652233,1.68E+12,136442442.7,157595,183601515,70283824.56,0
XRPUSDT-1d-2023-02.csv,1.68E+12,0.3783,25-02-2023,Q1,February,0.3795,0.3692,0.3778,179723963,1.68E+12,67647646.42,84703,84230523,31703256.83,0
XRPUSDT-1d-2023-02.csv,1.68E+12,0.3779,26-02-2023,Q1,February,0.3807,0.3745,0.3779,130843027,1.68E+12,49371646.18,69576,62587386,23616970.27,0
XRPUSDT-1d-2023-02.csv,1.68E+12,0.3779,27-02-2023,Q1,February,0.3801,0.3708,0.3785,421412885,1.68E+12,158457633.9,145975,225350589,84706976.97,0
XRPUSDT-1d-2023-02.csv,1.68E+12,0.3785,28-02-2023,Q1,February,0.3827,0.3719,0.3762,371401256,1.68E+12,140007696,149317,200818042,75668334.92,0
XRPUSDT-1d-2023-03.csv,1.68E+12,0.3762,01-03-2023,Q1,March,0.3848,0.3726,0.3835,317577485,1.68E+12,120585971.9,134548,161512541,61296409.53,0
XRPUSDT-1d-2023-03.csv,1.68E+12,0.3836,02-03-2023,Q1,March,0.3846,0.3737,0.3772,281873061,1.68E+12,106574977.8,107723,148617496,56165347.6,0
XRPUSDT-1d-2023-03.csv,1.68E+12,0.3772,03-03-2023,Q1,March,0.3806,0.3539,0.3774,490515388,1.68E+12,179848857.5,214243,248898448,91277825.61,0
XRPUSDT-1d-2023-03.csv,1.68E+12,0.3773,04-03-2023,Q1,March,0.38,0.368,0.3735,164275250,1.68E+12,61584809.56,85530,75858816,28438133.48,0
XRPUSDT-1d-2023-03.csv,1.68E+12,0.3735,05-03-2023,Q1,March,0.3774,0.3653,0.3668,163637644,1.68E+12,60724189.19,80980,73390639,27236882.62,0
XRPUSDT-1d-2023-03.csv,1.68E+12,0.3668,06-03-2023,Q1,March,0.3743,0.3589,0.3695,428373378,1.68E+12,156725004,158156,233387734,85297016.33,0
XRPUSDT-1d-2023-03.csv,1.68E+12,0.3696,07-03-2023,Q1,March,0.3844,0.3669,0.3801,562644274,1.68E+12,210785141.4,230481,293439451,109833962,0
XRPUSDT-1d-2023-03.csv,1.68E+12,0.3802,08-03-2023,Q1,March,0.4018,0.3723,0.3889,682406723,1.68E+12,265136639.3,325672,344589959,133859502.2,0
XRPUSDT-1d-2023-03.csv,1.68E+12,0.3889,09-03-2023,Q1,March,0.3976,0.3639,0.3706,655014119,1.68E+12,252341949,304944,317289093,122389927.8,0
XRPUSDT-1d-2023-03.csv,1.68E+12,0.3706,10-03-2023,Q1,March,0.3752,0.3571,0.37,541098785,1.68E+12,198898835.5,264359,273214134,100420182.9,0
XRPUSDT-1d-2023-03.csv,1.68E+12,0.3699,11-03-2023,Q1,March,0.3741,0.3582,0.3638,342981412,1.68E+12,125158363.7,196161,170461652,62199052.23,0
XRPUSDT-1d-2023-03.csv,1.68E+12,0.3637,12-03-2023,Q1,March,0.3715,0.3473,0.3714,389760071,1.68E+12,140064897.7,206750,188167005,67677461.36,0
XRPUSDT-1d-2023-03.csv,1.68E+12,0.3713,13-03-2023,Q1,March,0.38,0.3553,0.3724,556402600,1.68E+12,204984639.5,295723,289315654,106611381.2,0
XRPUSDT-1d-2023-03.csv,1.68E+12,0.3724,14-03-2023,Q1,March,0.387,0.3647,0.3724,544803822,1.68E+12,203995643.1,283108,268646880,100592504.3,0
XRPUSDT-1d-2023-03.csv,1.68E+12,0.3724,15-03-2023,Q1,March,0.3757,0.356,0.3589,385093409,1.68E+12,140863011.9,198592,189758340,69424022.92,0
XRPUSDT-1d-2023-03.csv,1.68E+12,0.3589,16-03-2023,Q1,March,0.367,0.3562,0.3647,259083315,1.68E+12,93875787.5,132174,129201218,46815132.44,0
XRPUSDT-1d-2023-03.csv,1.68E+12,0.3648,17-03-2023,Q1,March,0.3825,0.362,0.3798,405873760,1.68E+12,151029086.1,199685,209014814,77793030.24,0
XRPUSDT-1d-2023-03.csv,1.68E+12,0.3797,18-03-2023,Q1,March,0.3898,0.3691,0.3739,360335327,1.68E+12,136790748.3,194468,179787799,68267255.54,0
XRPUSDT-1d-2023-03.csv,1.68E+12,0.3739,19-03-2023,Q1,March,0.4,0.3736,0.3857,476291604,1.68E+12,185211360.2,275018,234827804,91321188.48,0
XRPUSDT-1d-2023-03.csv,1.68E+12,0.3858,20-03-2023,Q1,March,0.3913,0.3707,0.3734,443129416,1.68E+12,168478007.1,217102,232492550,88389967.52,0
XRPUSDT-1d-2023-03.csv,1.68E+12,0.3734,21-03-2023,Q1,March,0.4929,0.3728,0.4696,1698380685,1.68E+12,739147786.7,1036761,861860638,374553019.8,0
XRPUSDT-1d-2023-03.csv,1.68E+12,0.4696,22-03-2023,Q1,March,0.475,0.4069,0.4213,1409641087,1.68E+12,626614742,847208,671590386,299006131.5,0
XRPUSDT-1d-2023-03.csv,1.68E+12,0.4213,23-03-2023,Q1,March,0.4557,0.4116,0.4438,837629903,1.68E+12,368094025.9,493112,410294301,180251821.3,0
XRPUSDT-1d-2023-03.csv,1.68E+12,0.4437,24-03-2023,Q1,March,0.444,0.4141,0.4259,507977567,1.68E+12,217558570.5,282648,254857997,109141910.3,0
XRPUSDT-1d-2023-03.csv,1.68E+12,0.426,25-03-2023,Q1,March,0.465,0.4223,0.4429,635312958,1.68E+12,284432424.3,428283,323282019,144700617.8,0
XRPUSDT-1d-2023-03.csv,1.68E+12,0.4429,26-03-2023,Q1,March,0.4632,0.4403,0.4479,364479792,1.68E+12,164516868.4,251330,176384097,79642209.23,0
XRPUSDT-1d-2023-03.csv,1.68E+12,0.4479,27-03-2023,Q1,March,0.4888,0.4425,0.479,1003256531,1.68E+12,468907974,566635,490072282,228906420.8,0
XRPUSDT-1d-2023-03.csv,1.68E+12,0.4789,28-03-2023,Q1,March,0.534,0.4666,0.5144,1126346466,1.68E+12,561768921.8,675666,550271016,274493912.1,0
XRPUSDT-1d-2023-03.csv,1.68E+12,0.5145,29-03-2023,Q1,March,0.585,0.5145,0.5425,1291815558,1.68E+12,710720110.9,862122,650365697,357800046.8,0
XRPUSDT-1d-2023-03.csv,1.68E+12,0.5425,30-03-2023,Q1,March,0.558,0.5214,0.5319,827691286,1.68E+12,444533562.2,535861,420253408,225765698.8,0
XRPUSDT-1d-2023-03.csv,1.68E+12,0.5319,31-03-2023,Q1,March,0.564,0.5257,0.5374,532875635,1.68E+12,285494944.5,362827,272586852,146009892.1,0
XRPUSDT-1d-2023-04.csv,1.68E+12,0.5375,01-04-2023,Q2,April,0.5375,0.4972,0.5095,516087832,1.68E+12,265787844,373082,244916636,126161104.9,0
XRPUSDT-1d-2023-04.csv,1.68E+12,0.5095,02-04-2023,Q2,April,0.529,0.5015,0.518,391347744,1.68E+12,202442762.8,304023,197069492,101937712.6,0
XRPUSDT-1d-2023-04.csv,1.68E+12,0.5179,03-04-2023,Q2,April,0.525,0.481,0.4959,522070023,1.68E+12,264930891.5,375185,263845216,134011798.4,0
XRPUSDT-1d-2023-04.csv,1.68E+12,0.4958,04-04-2023,Q2,April,0.5078,0.4871,0.5026,360227447,1.68E+12,179555332.7,233646,187654340,93517974.76,0
XRPUSDT-1d-2023-04.csv,1.68E+12,0.5026,05-04-2023,Q2,April,0.5271,0.4986,0.5055,411989031,1.68E+12,210165518.3,265503,207173028,105716749.9,0
XRPUSDT-1d-2023-04.csv,1.68E+12,0.5056,06-04-2023,Q2,April,0.5097,0.4913,0.5028,315900045,1.68E+12,158484620.8,226191,159289413,79927656.3,0
XRPUSDT-1d-2023-04.csv,1.68E+12,0.5028,07-04-2023,Q2,April,0.5156,0.4971,0.5126,318185786,1.68E+12,161500221.1,236639,164493145,83510779.57,0
XRPUSDT-1d-2023-04.csv,1.68E+12,0.5127,08-04-2023,Q2,April,0.513,0.5022,0.5048,136614694,1.68E+12,69517878.44,131248,61730572,31410989.68,0
XRPUSDT-1d-2023-04.csv,1.68E+12,0.5049,09-04-2023,Q2,April,0.5093,0.4983,0.5054,116122379,1.68E+12,58532234.58,99848,56270959,28366468.52,0
XRPUSDT-1d-2023-04.csv,1.68E+12,0.5053,10-04-2023,Q2,April,0.5199,0.5,0.5176,264898196,1.68E+12,134434521.2,154033,143896871,72982170.32,0
XRPUSDT-1d-2023-04.csv,1.68E+12,0.5176,11-04-2023,Q2,April,0.5283,0.511,0.5167,358821527,1.68E+12,186152904.5,200576,196281969,101833414.6,0
XRPUSDT-1d-2023-04.csv,1.68E+12,0.5166,12-04-2023,Q2,April,0.5179,0.4984,0.5049,339100343,1.68E+12,171358646.3,186682,165468803,83606262.07,0
XRPUSDT-1d-2023-04.csv,1.68E+12,0.5049,13-04-2023,Q2,April,0.5156,0.5014,0.5125,273342378,1.68E+12,139036177.4,142779,150028631,76317868.32,0
XRPUSDT-1d-2023-04.csv,1.68E+12,0.5124,14-04-2023,Q2,April,0.5465,0.5111,0.5227,462335443,1.68E+12,243064939.3,307971,239258872,125771860,0
XRPUSDT-1d-2023-04.csv,1.68E+12,0.5227,15-04-2023,Q2,April,0.5261,0.516,0.5192,152508925,1.68E+12,79413896.02,105834,72672668,37848445.35,0
XRPUSDT-1d-2023-04.csv,1.68E+12,0.5192,16-04-2023,Q2,April,0.5244,0.5152,0.5209,157240759,1.68E+12,81721324.83,100919,77120853,40083368.09,0
XRPUSDT-1d-2023-04.csv,1.68E+12,0.5208,17-04-2023,Q2,April,0.521,0.5066,0.5109,299749754,1.68E+12,153553932.1,151791,169784999,86969122.37,0
XRPUSDT-1d-2023-04.csv,1.68E+12,0.511,18-04-2023,Q2,April,0.5391,0.5092,0.5324,358112470,1.68E+12,186085470.3,179073,203556287,105733036.8,0
XRPUSDT-1d-2023-04.csv,1.68E+12,0.5325,19-04-2023,Q2,April,0.5375,0.471,0.4911,620153279,1.68E+12,311042377.5,378676,297689655,149352938.6,0
XRPUSDT-1d-2023-04.csv,1.68E+12,0.4911,20-04-2023,Q2,April,0.4993,0.465,0.4752,454997513,1.68E+12,219794190.9,238238,225466342,108946968.5,0
XRPUSDT-1d-2023-04.csv,1.68E+12,0.4752,21-04-2023,Q2,April,0.4792,0.4403,0.4491,425209825,1.68E+12,196405832.5,230036,214479000,99149708.27,0
XRPUSDT-1d-2023-04.csv,1.68E+12,0.4491,22-04-2023,Q2,April,0.4761,0.4455,0.4719,242021955,1.68E+12,111879421.8,150016,122751042,56782117.42,0
XRPUSDT-1d-2023-04.csv,1.68E+12,0.472,23-04-2023,Q2,April,0.472,0.4526,0.4647,222191297,1.68E+12,103079830.6,130715,107544770,49910312.21,0
XRPUSDT-1d-2023-04.csv,1.68E+12,0.4648,24-04-2023,Q2,April,0.4857,0.4469,0.4611,408426760,1.68E+12,189723462.7,227559,219380921,101918723.9,0
XRPUSDT-1d-2023-04.csv,1.68E+12,0.461,25-04-2023,Q2,April,0.4723,0.4506,0.4695,377056298,1.68E+12,173172942.8,167797,214418124,98458381.24,0
XRPUSDT-1d-2023-04.csv,1.68E+12,0.4696,26-04-2023,Q2,April,0.4831,0.4329,0.4618,551155391,1.68E+12,256463436.6,280441,277180801,129067214.3,0
XRPUSDT-1d-2023-04.csv,1.68E+12,0.4618,27-04-2023,Q2,April,0.4699,0.4557,0.4667,345756985,1.68E+12,159816336.8,166405,170265417,78665218.14,0
XRPUSDT-1d-2023-04.csv,1.68E+12,0.4666,28-04-2023,Q2,April,0.483,0.4637,0.4796,384917512,1.68E+12,181922278.9,203480,218738540,103376510.7,0
XRPUSDT-1d-2023-04.csv,1.68E+12,0.4795,29-04-2023,Q2,April,0.4869,0.4709,0.478,175533507,1.68E+12,84163263.92,122677,86163575,41316920.49,0
XRPUSDT-1d-2023-04.csv,1.68E+12,0.4779,30-04-2023,Q2,April,0.4819,0.4687,0.4705,143199211,1.68E+12,68124656.71,91324,71983476,34241146.29,0
XRPUSDT-1d-2023-05.csv,1.68E+12,0.4705,01-05-2023,Q2,May,0.4724,0.4544,0.4649,338231418,1.68E+12,156703971.9,167097,193187591,89537279.02,0
XRPUSDT-1d-2023-05.csv,1.68E+12,0.4648,02-05-2023,Q2,May,0.4662,0.4574,0.4645,330734355,1.68E+12,152988821.9,164966,193531826,89527161.83,0
XRPUSDT-1d-2023-05.csv,1.68E+12,0.4644,03-05-2023,Q2,May,0.4655,0.4497,0.4632,341232638,1.68E+12,156013152.9,162057,170024695,77748172.6,0
XRPUSDT-1d-2023-05.csv,1.68E+12,0.4633,04-05-2023,Q2,May,0.465,0.4547,0.4608,218212542,1.68E+12,100405157.9,103839,104800374,48211996.92,0
XRPUSDT-1d-2023-05.csv,1.68E+12,0.4608,05-05-2023,Q2,May,0.4706,0.4545,0.4671,292855620,1.68E+12,135599010.6,160893,169635559,78543890.02,0
XRPUSDT-1d-2023-05.csv,1.68E+12,0.4671,06-05-2023,Q2,May,0.4695,0.4512,0.4582,168649976,1.68E+12,77457021.98,119808,83169782,38187411.74,0
XRPUSDT-1d-2023-05.csv,1.68E+12,0.4582,07-05-2023,Q2,May,0.4601,0.4457,0.449,119401215,1.68E+12,54412904.3,93375,58708515,26760564,0
XRPUSDT-1d-2023-05.csv,1.68E+12,0.4491,08-05-2023,Q2,May,0.4512,0.41,0.4283,483055933,1.68E+12,208516112,248533,260574568,112537710.5,0
XRPUSDT-1d-2023-05.csv,1.68E+12,0.4283,09-05-2023,Q2,May,0.4308,0.4202,0.4289,331497882,1.68E+12,140698488.1,145474,197912958,84006182.8,0
XRPUSDT-1d-2023-05.csv,1.68E+12,0.4289,10-05-2023,Q2,May,0.434,0.4119,0.4303,334930240,1.68E+12,142959031.4,178622,169496400,72345614.77,0
XRPUSDT-1d-2023-05.csv,1.68E+12,0.4303,11-05-2023,Q2,May,0.4305,0.4114,0.4207,288769811,1.68E+12,121888401.6,132230,137805383,58158833.4,0
XRPUSDT-1d-2023-05.csv,1.68E+12,0.4207,12-05-2023,Q2,May,0.4446,0.4157,0.4305,408757650,1.68E+12,174665763.1,243770,210588138,89981284.96,0
XRPUSDT-1d-2023-05.csv,1.68E+12,0.4305,13-05-2023,Q2,May,0.4306,0.4227,0.424,102125283,1.68E+12,43502508.72,64588,49640570,21146725.8,0
XRPUSDT-1d-2023-05.csv,1.68E+12,0.424,14-05-2023,Q2,May,0.4317,0.421,0.4253,97517794,1.68E+12,41556708.16,60061,52601438,22422149.42,0
XRPUSDT-1d-2023-05.csv,1.68E+12,0.4253,15-05-2023,Q2,May,0.4304,0.4214,0.4273,263543031,1.68E+12,112456043.1,124386,158293157,67552534.83,0
XRPUSDT-1d-2023-05.csv,1.68E+12,0.4273,16-05-2023,Q2,May,0.443,0.4174,0.4425,357854908,1.68E+12,152521020.9,160937,209342171,89175666,0
XRPUSDT-1d-2023-05.csv,1.68E+12,0.4426,17-05-2023,Q2,May,0.4616,0.4375,0.4484,511331200,1.68E+12,229071343.8,303334,266439406,119349365.2,0
XRPUSDT-1d-2023-05.csv,1.68E+12,0.4485,18-05-2023,Q2,May,0.473,0.443,0.4596,420292099,1.68E+12,192595312.6,286958,208407888,95500114.62,0
XRPUSDT-1d-2023-05.csv,1.68E+12,0.4597,19-05-2023,Q2,May,0.4755,0.4573,0.4675,327924286,1.68E+12,152613054.3,222000,184241465,85740879.84,0
XRPUSDT-1d-2023-05.csv,1.68E+12,0.4674,20-05-2023,Q2,May,0.4719,0.4618,0.4685,133085427,1.68E+12,62057504.82,103913,66548456,31033845.71,0
XRPUSDT-1d-2023-05.csv,1.68E+12,0.4685,21-05-2023,Q2,May,0.4706,0.455,0.4575,152105849,1.68E+12,70385641.08,103117,74842890,34626497.51,0
XRPUSDT-1d-2023-05.csv,1.68E+12,0.4574,22-05-2023,Q2,May,0.4674,0.4496,0.4618,289989578,1.68E+12,133114497.6,155907,168051252,77144550.02,0
XRPUSDT-1d-2023-05.csv,1.68E+12,0.4618,23-05-2023,Q2,May,0.4672,0.4583,0.4651,270491006,1.68E+12,125016933,125211,159997721,73941129.1,0
XRPUSDT-1d-2023-05.csv,1.68E+12,0.4651,24-05-2023,Q2,May,0.4651,0.4457,0.453,334128026,1.68E+12,151915102.1,156624,164644911,74827055.07,0
XRPUSDT-1d-2023-05.csv,1.68E+12,0.453,25-05-2023,Q2,May,0.4551,0.4431,0.4538,190174437,1.69E+12,85627895.25,102425,93900082,42279329.75,0
XRPUSDT-1d-2023-05.csv,1.69E+12,0.4538,26-05-2023,Q2,May,0.4699,0.4524,0.4684,284645154,1.69E+12,132032922.2,145800,163785848,75969540.66,0
XRPUSDT-1d-2023-05.csv,1.69E+12,0.4684,27-05-2023,Q2,May,0.4792,0.4652,0.4714,178798933,1.69E+12,84283690.67,123858,85960639,40522471.81,0
XRPUSDT-1d-2023-05.csv,1.69E+12,0.4714,28-05-2023,Q2,May,0.4863,0.4699,0.482,166534206,1.69E+12,79310781.48,109213,84625366,40300303.57,0
XRPUSDT-1d-2023-05.csv,1.69E+12,0.482,29-05-2023,Q2,May,0.4954,0.4761,0.4946,328535756,1.69E+12,158994730.9,193651,183345634,88706697.88,0
XRPUSDT-1d-2023-05.csv,1.69E+12,0.4946,30-05-2023,Q2,May,0.5293,0.4893,0.5205,662891231,1.69E+12,337412103.8,428094,361416168,183850739.1,0
XRPUSDT-1d-2023-05.csv,1.69E+12,0.5205,31-05-2023,Q2,May,0.528,0.5009,0.5166,440917044,1.69E+12,226321932.8,297874,222947424,114438129.7,0
XRPUSDT-1d-2023-06.csv,1.69E+12,0.5167,01-06-2023,Q2,June,0.5167,0.5014,0.5065,320782418,1.69E+12,162638528.2,197787,170293802,86386467.46,0
XRPUSDT-1d-2023-06.csv,1.69E+12,0.5065,02-06-2023,Q2,June,0.5271,0.5033,0.5244,293048961,1.69E+12,151414189.6,168266,163782927,84630227.66,0
XRPUSDT-1d-2023-06.csv,1.69E+12,0.5245,03-06-2023,Q2,June,0.534,0.5144,0.5188,172139129,1.69E+12,89930000.9,119886,85366058,44602695.44,0
XRPUSDT-1d-2023-06.csv,1.69E+12,0.5188,04-06-2023,Q2,June,0.547,0.5151,0.5359,250235168,1.69E+12,133246493.1,159074,131291892,69938934.99,0
XRPUSDT-1d-2023-06.csv,1.69E+12,0.5359,05-06-2023,Q2,June,0.5431,0.4867,0.509,616993814,1.69E+12,319477652.5,430141,314269228,163020175.2,0
XRPUSDT-1d-2023-06.csv,1.69E+12,0.5089,06-06-2023,Q2,June,0.5328,0.4952,0.53,458413458,1.69E+12,234690913.8,307055,242508753,124128459.9,0
XRPUSDT-1d-2023-06.csv,1.69E+12,0.53,07-06-2023,Q2,June,0.5384,0.507,0.5183,467474175,1.69E+12,244889718.1,326396,235939314,123665271.5,0
XRPUSDT-1d-2023-06.csv,1.69E+12,0.5183,08-06-2023,Q2,June,0.5278,0.5156,0.5236,262982251,1.69E+12,137027019.7,177957,131593138,68553433.21,0
XRPUSDT-1d-2023-06.csv,1.69E+12,0.5237,09-06-2023,Q2,June,0.5418,0.5205,0.538,352068623,1.69E+12,187158472.5,236747,179338500,95329263.73,0
XRPUSDT-1d-2023-06.csv,1.69E+12,0.538,10-06-2023,Q2,June,0.5388,0.472,0.5067,609302319,1.69E+12,304346642.2,492361,293296020,146470937.6,0
XRPUSDT-1d-2023-06.csv,1.69E+12,0.5067,11-06-2023,Q2,June,0.5293,0.5027,0.5208,221202480,1.69E+12,113523633.2,164718,111715728,57337359.55,0
XRPUSDT-1d-2023-06.csv,1.69E+12,0.5209,12-06-2023,Q2,June,0.528,0.5086,0.5251,356547544,1.69E+12,184693488.6,234513,193429811,100191887,0
XRPUSDT-1d-2023-06.csv,1.69E+12,0.5251,13-06-2023,Q2,June,0.5658,0.5054,0.5192,771631184,1.69E+12,411364100.8,559433,397475690,211722384.5,0
XRPUSDT-1d-2023-06.csv,1.69E+12,0.5193,14-06-2023,Q2,June,0.5205,0.461,0.4801,544396397,1.69E+12,270686306.4,340474,271736762,135176345.5,0
XRPUSDT-1d-2023-06.csv,1.69E+12,0.4802,15-06-2023,Q2,June,0.4858,0.4663,0.4801,337742736,1.69E+12,161264378.6,202319,170047109,81203505.21,0
XRPUSDT-1d-2023-06.csv,1.69E+12,0.4801,16-06-2023,Q2,June,0.4833,0.4558,0.4759,376661662,1.69E+12,177084797.9,223245,202226513,95103017.31,0
XRPUSDT-1d-2023-06.csv,1.69E+12,0.4758,17-06-2023,Q2,June,0.4869,0.4694,0.4794,189579671,1.69E+12,90724364.3,114551,93331001,44666208.36,0
XRPUSDT-1d-2023-06.csv,1.69E+12,0.4794,18-06-2023,Q2,June,0.4979,0.4741,0.4868,225020544,1.69E+12,109694269.3,162331,114826765,55992741.87,0
XRPUSDT-1d-2023-06.csv,1.69E+12,0.4868,19-06-2023,Q2,June,0.4991,0.4811,0.4936,322187608,1.69E+12,158029204.6,171967,185635687,91030496.42,0
XRPUSDT-1d-2023-06.csv,1.69E+12,0.4935,20-06-2023,Q2,June,0.4967,0.4716,0.4929,378325906,1.69E+12,183652110.9,194078,216177701,104945447.8,0
XRPUSDT-1d-2023-06.csv,1.69E+12,0.4928,21-06-2023,Q2,June,0.5034,0.4892,0.4999,408749828,1.69E+12,202941709.1,223743,201253336,99901919.98,0
XRPUSDT-1d-2023-06.csv,1.69E+12,0.4999,22-06-2023,Q2,June,0.5272,0.4821,0.4938,442729597,1.69E+12,223220058.1,282412,220460792,111186415.8,0
XRPUSDT-1d-2023-06.csv,1.69E+12,0.4937,23-06-2023,Q2,June,0.5023,0.484,0.4961,345391930,1.69E+12,170930777.4,202216,175959099,87070644.97,0
XRPUSDT-1d-2023-06.csv,1.69E+12,0.496,24-06-2023,Q2,June,0.4961,0.478,0.4865,193097516,1.69E+12,94403166.46,119543,87559930,42799028.25,0
XRPUSDT-1d-2023-06.csv,1.69E+12,0.4865,25-06-2023,Q2,June,0.4977,0.4829,0.4903,191583170,1.69E+12,93843422.81,110926,91535455,44847196.91,0
XRPUSDT-1d-2023-06.csv,1.69E+12,0.4903,26-06-2023,Q2,June,0.4919,0.4701,0.479,305338027,1.69E+12,147000463.7,163717,164313915,79125978.46,0
XRPUSDT-1d-2023-06.csv,1.69E+12,0.479,27-06-2023,Q2,June,0.4851,0.4759,0.4838,291583944,1.69E+12,140122274.3,132593,170409437,81890011.9,0
XRPUSDT-1d-2023-06.csv,1.69E+12,0.4839,28-06-2023,Q2,June,0.4844,0.4493,0.4647,325837765,1.69E+12,153329584.8,164563,160054361,75360618.77,0
XRPUSDT-1d-2023-06.csv,1.69E+12,0.4648,29-06-2023,Q2,June,0.4773,0.4612,0.4747,211214558,1.69E+12,99147276.31,102466,99428284,46653603.34,0
XRPUSDT-1d-2023-06.csv,1.69E+12,0.4747,30-06-2023,Q2,June,0.4827,0.4498,0.4729,393612239,1.69E+12,185778507.6,219961,206804219,97637006.36,0
XRPUSDT-1d-2023-07.csv,1.69E+12,0.473,01-07-2023,Q3,July,0.476,0.464,0.4732,232549409,1.69E+12,109210900.3,114813,112551888,52843353.73,0
XRPUSDT-1d-2023-07.csv,1.69E+12,0.4732,02-07-2023,Q3,July,0.4961,0.4697,0.4845,337155089,1.69E+12,163094435,204517,169389025,81968064.09,0
XRPUSDT-1d-2023-07.csv,1.69E+12,0.4844,03-07-2023,Q3,July,0.4914,0.4784,0.489,357020349,1.69E+12,172807675.5,177511,195183785,94480944.93,0
XRPUSDT-1d-2023-07.csv,1.69E+12,0.489,04-07-2023,Q3,July,0.4935,0.4816,0.4872,299439491,1.69E+12,146031583.7,139674,165140768,80532724.37,0
XRPUSDT-1d-2023-07.csv,1.69E+12,0.4872,05-07-2023,Q3,July,0.4919,0.4696,0.4777,292620010,1.69E+12,140622559.5,148600,142142736,68265941.18,0
XRPUSDT-1d-2023-07.csv,1.69E+12,0.4777,06-07-2023,Q3,July,0.4842,0.4612,0.4622,304125111,1.69E+12,143805418.8,146023,145499308,68749062.67,0
XRPUSDT-1d-2023-07.csv,1.69E+12,0.4622,07-07-2023,Q3,July,0.4708,0.4575,0.4687,230688947,1.69E+12,107533605.8,98575,128623111,59963241.06,0
XRPUSDT-1d-2023-07.csv,1.69E+12,0.4686,08-07-2023,Q3,July,0.4748,0.4649,0.4704,116031881,1.69E+12,54396568.35,67003,54698166,25647459.47,0
XRPUSDT-1d-2023-07.csv,1.69E+12,0.4705,09-07-2023,Q3,July,0.4717,0.4664,0.468,80147955,1.69E+12,37629361.63,49473,37615860,17660411.66,0
XRPUSDT-1d-2023-07.csv,1.69E+12,0.4681,10-07-2023,Q3,July,0.48,0.4622,0.478,334545737,1.69E+12,157526649.3,128843,196678652,92586651.08,0
XRPUSDT-1d-2023-07.csv,1.69E+12,0.478,11-07-2023,Q3,July,0.4784,0.4709,0.4753,225681776,1.69E+12,107129231.8,91922,142244626,67514288.8,0
XRPUSDT-1d-2023-07.csv,1.69E+12,0.4753,12-07-2023,Q3,July,0.4772,0.4648,0.471,220670755,1.69E+12,104191095.8,92981,116953580,55207497.84,0
XRPUSDT-1d-2023-07.csv,1.69E+12,0.471,13-07-2023,Q3,July,0.938,0.4695,0.8153,2499971165,1.69E+12,1758482750,2895839,1283335461,902411938.5,0
XRPUSDT-1d-2023-07.csv,1.69E+12,0.8151,14-07-2023,Q3,July,0.8253,0.6686,0.7179,1525175518,1.69E+12,1152019102,1488766,747023143,564392817.1,0
XRPUSDT-1d-2023-07.csv,1.69E+12,0.7178,15-07-2023,Q3,July,0.7362,0.6919,0.7145,703355719,1.69E+12,504452504.5,570922,352604001,252898894.7,0
XRPUSDT-1d-2023-07.csv,1.69E+12,0.7144,16-07-2023,Q3,July,0.79,0.702,0.7468,946644269,1.69E+12,709571949.1,702277,468579505,351170171.9,0
XRPUSDT-1d-2023-07.csv,1.69E+12,0.7468,17-07-2023,Q3,July,0.7662,0.7122,0.7374,608872143,1.69E+12,450106863.5,558954,290377052,214801588,0
XRPUSDT-1d-2023-07.csv,1.69E+12,0.7373,18-07-2023,Q3,July,0.785,0.7304,0.7779,598030609,1.69E+12,450543299,509457,305055600,229840410.9,0
XRPUSDT-1d-2023-07.csv,1.69E+12,0.778,19-07-2023,Q3,July,0.8547,0.7685,0.8199,913495953,1.69E+12,735553987.6,802098,458229227,368957610.7,0
XRPUSDT-1d-2023-07.csv,1.69E+12,0.8198,20-07-2023,Q3,July,0.8489,0.771,0.7942,643507521,1.69E+12,521605123,611114,306579872,248526194.7,0
XRPUSDT-1d-2023-07.csv,1.69E+12,0.7942,21-07-2023,Q3,July,0.7987,0.7601,0.7713,411233974,1.69E+12,320767846,365226,197345145,153928576.4,0
XRPUSDT-1d-2023-07.csv,1.69E+12,0.7713,22-07-2023,Q3,July,0.7799,0.7215,0.7331,324984749,1.69E+12,246545025.7,276750,154064874,116947966.7,0
XRPUSDT-1d-2023-07.csv,1.69E+12,0.733,23-07-2023,Q3,July,0.7525,0.7149,0.7384,293811431,1.69E+12,216785787.3,238690,144354221,106520035,0
XRPUSDT-1d-2023-07.csv,1.69E+12,0.7384,24-07-2023,Q3,July,0.743,0.6808,0.7021,513611905,1.69E+12,363034637.2,396133,253010067,178930368.9,0
XRPUSDT-1d-2023-07.csv,1.69E+12,0.702,25-07-2023,Q3,July,0.7163,0.6743,0.7089,393523223,1.69E+12,274098541.9,298525,204658105,142547972.7,0
XRPUSDT-1d-2023-07.csv,1.69E+12,0.709,26-07-2023,Q3,July,0.7313,0.6927,0.7161,369415295,1.69E+12,261953542.4,285830,176482725,125112103.7,0
XRPUSDT-1d-2023-07.csv,1.69E+12,0.7161,27-07-2023,Q3,July,0.7328,0.7061,0.7139,312450860,1.69E+12,223798115.8,234866,153414664,109885193.2,0
XRPUSDT-1d-2023-07.csv,1.69E+12,0.7138,28-07-2023,Q3,July,0.7189,0.7021,0.712,200990844,1.69E+12,143020949.8,151837,102076937,72626564.21,0
XRPUSDT-1d-2023-07.csv,1.69E+12,0.7119,29-07-2023,Q3,July,0.7158,0.7041,0.7121,105603908,1.69E+12,75047405.35,89353,51125021,36331593.44,0
XRPUSDT-1d-2023-07.csv,1.69E+12,0.7122,30-07-2023,Q3,July,0.7358,0.6825,0.7046,267572438,1.69E+12,190600448.5,210962,131622770,93779858.53,0
XRPUSDT-1d-2023-07.csv,1.69E+12,0.7047,31-07-2023,Q3,July,0.7205,0.685,0.6976,378390957,1.69E+12,266346676.6,269243,190713559,134212862.4,0
XRPUSDT-1d-2023-08.csv,1.69E+12,0.6976,01-08-2023,Q3,August,0.7082,0.6732,0.7069,366664318,1.69E+12,253808721.4,249515,191698094,132712479.7,0
XRPUSDT-1d-2023-08.csv,1.69E+12,0.7069,02-08-2023,Q3,August,0.7081,0.6762,0.685,257325957,1.69E+12,177961279.1,174266,120665883,83461567.55,0
XRPUSDT-1d-2023-08.csv,1.69E+12,0.6849,03-08-2023,Q3,August,0.6875,0.6543,0.663,353547025,1.69E+12,236749567.6,226606,174990342,117145810.9,0
XRPUSDT-1d-2023-08.csv,1.69E+12,0.6629,04-08-2023,Q3,August,0.6677,0.625,0.6356,350885648,1.69E+12,228894407.1,230924,176746535,115380800,0
XRPUSDT-1d-2023-08.csv,1.69E+12,0.6356,05-08-2023,Q3,August,0.6358,0.6106,0.6288,290912373,1.69E+12,181546677.4,179581,136965392,85461432.67,0
XRPUSDT-1d-2023-08.csv,1.69E+12,0.6288,06-08-2023,Q3,August,0.6388,0.6214,0.624,201522971,1.69E+12,127064254.2,121397,98804635,62288303.64,0
XRPUSDT-1d-2023-08.csv,1.69E+12,0.624,07-08-2023,Q3,August,0.6299,0.5967,0.6236,446625792,1.69E+12,275111720.7,240945,239747218,147715461.8,0
XRPUSDT-1d-2023-08.csv,1.69E+12,0.6235,08-08-2023,Q3,August,0.6482,0.6141,0.6418,377837388,1.69E+12,237638533.3,232904,195793475,123088717.7,0
XRPUSDT-1d-2023-08.csv,1.69E+12,0.6418,09-08-2023,Q3,August,0.6662,0.6314,0.6433,440268396,1.69E+12,285460658.9,314311,210533282,136582312.9,0
XRPUSDT-1d-2023-08.csv,1.69E+12,0.6434,10-08-2023,Q3,August,0.6445,0.6241,0.6331,294658012,1.69E+12,186480960.8,185661,147223726,93170481.5,0
XRPUSDT-1d-2023-08.csv,1.69E+12,0.6331,11-08-2023,Q3,August,0.6413,0.6257,0.6318,225898829,1.69E+12,142904471.6,120251,123365934,78048700.34,0
XRPUSDT-1d-2023-08.csv,1.69E+12,0.6317,12-08-2023,Q3,August,0.6335,0.6224,0.6276,87289374,1.69E+12,54910098.79,65669,40329277,25364808.36,0
XRPUSDT-1d-2023-08.csv,1.69E+12,0.6276,13-08-2023,Q3,August,0.6385,0.6235,0.6256,137308778,1.69E+12,86527939.45,83412,69143337,43591575.9,0
XRPUSDT-1d-2023-08.csv,1.69E+12,0.6256,14-08-2023,Q3,August,0.6369,0.6241,0.6343,260175236,1.69E+12,163740850.6,127557,144956012,91223903.57,0
XRPUSDT-1d-2023-08.csv,1.69E+12,0.6342,15-08-2023,Q3,August,0.6348,0.58,0.6104,388356202,1.69E+12,238684860.2,218779,199337884,122697326,0
XRPUSDT-1d-2023-08.csv,1.69E+12,0.6104,16-08-2023,Q3,August,0.617,0.572,0.5889,581618879,1.69E+12,346941847.5,279695,269002603,160403480.2,0
XRPUSDT-1d-2023-08.csv,1.69E+12,0.589,17-08-2023,Q3,August,0.5948,0.4226,0.5064,847602528,1.69E+12,457574868,561395,400999026,216345951.2,0
XRPUSDT-1d-2023-08.csv,1.69E+12,0.5064,18-08-2023,Q3,August,0.523,0.4829,0.5062,724839898,1.69E+12,364518617.2,408177,366575412,184344265.7,0
XRPUSDT-1d-2023-08.csv,1.69E+12,0.5062,19-08-2023,Q3,August,0.5249,0.5006,0.5199,298930279,1.69E+12,153282783.4,150689,154895921,79449694.27,0
XRPUSDT-1d-2023-08.csv,1.69E+12,0.52,20-08-2023,Q3,August,0.5582,0.516,0.5384,452910011,1.69E+12,243112521.8,239464,232153394,124661740.4,0
XRPUSDT-1d-2023-08.csv,1.69E+12,0.5385,21-08-2023,Q3,August,0.5398,0.503,0.5245,528716245,1.69E+12,276083692.1,252648,272749275,142451659.1,0
XRPUSDT-1d-2023-08.csv,1.69E+12,0.5245,22-08-2023,Q3,August,0.5256,0.5032,0.521,422200069,1.69E+12,217743145.7,188540,218157198,112545160.5,0
XRPUSDT-1d-2023-08.csv,1.69E+12,0.5211,23-08-2023,Q3,August,0.5368,0.5157,0.5301,286855957,1.69E+12,150276948.7,147779,141137280,73948786.85,0
XRPUSDT-1d-2023-08.csv,1.69E+12,0.5302,24-08-2023,Q3,August,0.5319,0.5111,0.5187,252154333,1.69E+12,131630382.9,119874,123755650,64586965.55,0
XRPUSDT-1d-2023-08.csv,1.69E+12,0.5187,25-08-2023,Q3,August,0.5319,0.5078,0.5258,326124248,1.69E+12,168716071.9,153423,170560378,88256914.47,0
XRPUSDT-1d-2023-08.csv,1.69E+12,0.5258,26-08-2023,Q3,August,0.5283,0.5178,0.5231,110436094,1.69E+12,57772395.75,63903,54969599,28763660.38,0
XRPUSDT-1d-2023-08.csv,1.69E+12,0.5231,27-08-2023,Q3,August,0.5303,0.5163,0.5236,132391247,1.69E+12,69622811.36,70834,69357564,36474906.99,0
XRPUSDT-1d-2023-08.csv,1.69E+12,0.5235,28-08-2023,Q3,August,0.525,0.5102,0.5232,266211960,1.69E+12,138002651.5,113377,147203511,76323852.63,0
XRPUSDT-1d-2023-08.csv,1.69E+12,0.5232,29-08-2023,Q3,August,0.5496,0.5131,0.5398,458921685,1.69E+12,243625243.1,217227,239623870,127023861.2,0
XRPUSDT-1d-2023-08.csv,1.69E+12,0.5398,30-08-2023,Q3,August,0.5404,0.5216,0.5284,279526116,1.69E+12,148049982.3,117945,140504186,74411065.89,0
XRPUSDT-1d-2023-08.csv,1.69E+12,0.5284,31-08-2023,Q3,August,0.5288,0.495,0.511,359350681,1.69E+12,185642613.4,164905,181684019,93856000.85,0
XRPUSDT-1d-2023-09.csv,1.69E+12,0.511,01-09-2023,Q3,September,0.512,0.4864,0.498,390869888,1.69E+12,196180468.7,155643,204079025,102455148.5,0
XRPUSDT-1d-2023-09.csv,1.69E+12,0.4981,02-09-2023,Q3,September,0.5029,0.4943,0.4988,173634913,1.69E+12,86413967.26,79123,91500733,45546277.04,0
XRPUSDT-1d-2023-09.csv,1.69E+12,0.4989,03-09-2023,Q3,September,0.5107,0.4971,0.5047,148603214,1.69E+12,74878959.35,75137,77527599,39068328.37,0
XRPUSDT-1d-2023-09.csv,1.69E+12,0.5047,04-09-2023,Q3,September,0.513,0.4966,0.5087,293271541,1.69E+12,148200901.3,120518,158135856,79918791.87,0
XRPUSDT-1d-2023-09.csv,1.69E+12,0.5087,05-09-2023,Q3,September,0.5088,0.499,0.5056,260333041,1.69E+12,131087885.3,101751,144411083,72731672.49,0
XRPUSDT-1d-2023-09.csv,1.69E+12,0.5056,06-09-2023,Q3,September,0.5058,0.4909,0.5033,255134232,1.69E+12,127756291.8,102329,123848270,62014296.17,0
XRPUSDT-1d-2023-09.csv,1.69E+12,0.5033,07-09-2023,Q3,September,0.5069,0.4965,0.505,209969723,1.69E+12,105141976.3,91757,102975196,51566842.62,0
XRPUSDT-1d-2023-09.csv,1.69E+12,0.5051,08-09-2023,Q3,September,0.5076,0.4941,0.505,223628172,1.69E+12,112392001.6,95729,120272281,60463044.77,0
XRPUSDT-1d-2023-09.csv,1.69E+12,0.5049,09-09-2023,Q3,September,0.5049,0.5015,0.5038,69132813,1.69E+12,34798028.54,38367,35071176,17653495.27,0
XRPUSDT-1d-2023-09.csv,1.69E+12,0.5038,10-09-2023,Q3,September,0.5039,0.4923,0.4969,144849888,1.69E+12,72189553.53,73444,72227525,35998516,0
XRPUSDT-1d-2023-09.csv,1.69E+12,0.4969,11-09-2023,Q3,September,0.4982,0.459,0.4744,484437445,1.69E+12,231551329.5,199473,264691203,126542737,0
XRPUSDT-1d-2023-09.csv,1.69E+12,0.4744,12-09-2023,Q3,September,0.4867,0.47,0.4804,356403388,1.69E+12,170451184.1,157173,199985277,95632256.07,0
XRPUSDT-1d-2023-09.csv,1.69E+12,0.4804,13-09-2023,Q3,September,0.4897,0.4723,0.4832,274586793,1.69E+12,131944337.1,120668,134459146,64605482.3,0
XRPUSDT-1d-2023-09.csv,1.69E+12,0.4833,14-09-2023,Q3,September,0.4941,0.4799,0.4892,232539752,1.69E+12,112816288.4,104856,117719680,57098592.6,0
XRPUSDT-1d-2023-09.csv,1.69E+12,0.4892,15-09-2023,Q3,September,0.5086,0.4874,0.5005,305608308,1.69E+12,151756322.9,148714,161120758,80024791.83,0
XRPUSDT-1d-2023-09.csv,1.69E+12,0.5004,16-09-2023,Q3,September,0.5035,0.4968,0.4998,132881408,1.69E+12,66494200.14,69955,60242932,30147561.38,0
XRPUSDT-1d-2023-09.csv,1.69E+12,0.4997,17-09-2023,Q3,September,0.5004,0.4894,0.4925,142846615,1.70E+12,70781411.85,77296,67806967,33601870.2,0
XRPUSDT-1d-2023-09.csv,1.70E+12,0.4925,18-09-2023,Q3,September,0.5077,0.4864,0.503,298374742,1.70E+12,148765121.7,141284,162051650,80796803.84,0
XRPUSDT-1d-2023-09.csv,1.70E+12,0.503,19-09-2023,Q3,September,0.5166,0.5005,0.514,295258283,1.70E+12,150372427.5,133750,156742817,79824699.98,0
XRPUSDT-1d-2023-09.csv,1.70E+12,0.5139,20-09-2023,Q3,September,0.5254,0.5065,0.5212,288497937,1.70E+12,149026404.2,158253,142322211,73525015.58,0
XRPUSDT-1d-2023-09.csv,1.70E+12,0.5213,21-09-2023,Q3,September,0.5214,0.5001,0.5071,277323578,1.70E+12,141242377.5,136496,130468517,66439264.08,0
XRPUSDT-1d-2023-09.csv,1.70E+12,0.5072,22-09-2023,Q3,September,0.517,0.5036,0.5122,233893377,1.70E+12,119497921.2,110454,123565418,63137263.94,0
XRPUSDT-1d-2023-09.csv,1.70E+12,0.5122,23-09-2023,Q3,September,0.5138,0.5055,0.5076,101716334,1.70E+12,51932821.01,58142,49616069,25329747.74,0
XRPUSDT-1d-2023-09.csv,1.70E+12,0.5076,24-09-2023,Q3,September,0.5118,0.4984,0.5021,112889323,1.70E+12,57298613.7,62706,53403822,27105177.27,0
XRPUSDT-1d-2023-09.csv,1.70E+12,0.502,25-09-2023,Q3,September,0.5072,0.4912,0.5056,303674393,1.70E+12,151571274.5,136979,166339963,83029751.17,0
XRPUSDT-1d-2023-09.csv,1.70E+12,0.5056,26-09-2023,Q3,September,0.5075,0.496,0.5019,271054261,1.70E+12,136072298.7,114431,149252617,74936633.08,0
XRPUSDT-1d-2023-09.csv,1.70E+12,0.5019,27-09-2023,Q3,September,0.5071,0.4968,0.4993,237514582,1.70E+12,119114611,96466,111402400,55867840.1,0
XRPUSDT-1d-2023-09.csv,1.70E+12,0.4993,28-09-2023,Q3,September,0.5102,0.4952,0.5098,247906960,1.70E+12,124424022.7,112462,112647783,56545530.02,0
XRPUSDT-1d-2023-09.csv,1.70E+12,0.5097,29-09-2023,Q3,September,0.5494,0.5061,0.5215,604996777,1.70E+12,318719390.9,293360,307468655,161922962.2,0
XRPUSDT-1d-2023-09.csv,1.70E+12,0.5215,30-09-2023,Q3,September,0.5218,0.5134,0.5149,144866051,1.70E+12,74870559.53,90666,64164148,33169129.19,0
XRPUSDT-1d-2023-10.csv,1.70E+12,0.5148,01-10-2023,Q4,October,0.526,0.5137,0.5241,167673504,1.70E+12,87152009.19,93784,80609393,41896257.2,0
XRPUSDT-1d-2023-10.csv,1.70E+12,0.524,02-10-2023,Q4,October,0.5266,0.5075,0.5123,319018957,1.70E+12,165774736.4,154104,166196254,86401262.92,0
XRPUSDT-1d-2023-10.csv,1.70E+12,0.5122,03-10-2023,Q4,October,0.5479,0.5055,0.539,398167814,1.70E+12,206974439.7,201496,203694962,105900255.6,0
XRPUSDT-1d-2023-10.csv,1.70E+12,0.5391,04-10-2023,Q4,October,0.5426,0.5194,0.5326,422012491,1.70E+12,224478611.1,252846,196513456,104534460.9,0
XRPUSDT-1d-2023-10.csv,1.70E+12,0.5326,05-10-2023,Q4,October,0.5326,0.5155,0.5227,234313709,1.70E+12,122773047.5,124894,102534761,53727987.31,0
XRPUSDT-1d-2023-10.csv,1.70E+12,0.5227,06-10-2023,Q4,October,0.5298,0.5169,0.5255,219784262,1.70E+12,114860940.7,108276,108610178,56774850.45,0
XRPUSDT-1d-2023-10.csv,1.70E+12,0.5255,07-10-2023,Q4,October,0.5258,0.5197,0.5216,63137112,1.70E+12,32985340.12,42699,27457388,14345149.36,0
XRPUSDT-1d-2023-10.csv,1.70E+12,0.5216,08-10-2023,Q4,October,0.5234,0.5153,0.5174,82864720,1.70E+12,43049947.73,47808,36987080,19218933.55,0
XRPUSDT-1d-2023-10.csv,1.70E+12,0.5174,09-10-2023,Q4,October,0.5201,0.4875,0.5027,322604658,1.70E+12,162917539.7,168707,163273142,82489936.65,0
XRPUSDT-1d-2023-10.csv,1.70E+12,0.5027,10-10-2023,Q4,October,0.5027,0.4917,0.4965,228001743,1.70E+12,113450223.3,105934,120875971,60149312.99,0
XRPUSDT-1d-2023-10.csv,1.70E+12,0.4964,11-10-2023,Q4,October,0.4977,0.4788,0.4888,241504648,1.70E+12,117525638.6,120496,118211153,57514805.57,0
XRPUSDT-1d-2023-10.csv,1.70E+12,0.4889,12-10-2023,Q4,October,0.4889,0.4729,0.483,259545095,1.70E+12,124638564.3,119543,126255506,60611492.38,0
XRPUSDT-1d-2023-10.csv,1.70E+12,0.4831,13-10-2023,Q4,October,0.4907,0.4786,0.4851,257150898,1.70E+12,124170633.9,111281,138564974,66913667.27,0
XRPUSDT-1d-2023-10.csv,1.70E+12,0.4852,14-10-2023,Q4,October,0.4883,0.4835,0.4865,93826664,1.70E+12,45567697.42,48460,43842373,21290202.92,0
XRPUSDT-1d-2023-10.csv,1.70E+12,0.4866,15-10-2023,Q4,October,0.4902,0.485,0.4874,101648635,1.70E+12,49526308.33,52730,48542625,23654083.28,0
XRPUSDT-1d-2023-10.csv,1.70E+12,0.4874,16-10-2023,Q4,October,0.5109,0.485,0.4978,405705160,1.70E+12,200854473.2,175199,209838813,103850732.2,0
XRPUSDT-1d-2023-10.csv,1.70E+12,0.4977,17-10-2023,Q4,October,0.498,0.4845,0.4912,268586946,1.70E+12,131923465.7,120034,139102789,68346840.81,0
XRPUSDT-1d-2023-10.csv,1.70E+12,0.4911,18-10-2023,Q4,October,0.4924,0.4855,0.4878,202731261,1.70E+12,99190110.24,93794,95507745,46730314.36,0
XRPUSDT-1d-2023-10.csv,1.70E+12,0.4878,19-10-2023,Q4,October,0.5245,0.4769,0.5197,445455672,1.70E+12,221204640.8,235163,225107522,111914414.8,0
XRPUSDT-1d-2023-10.csv,1.70E+12,0.5197,20-10-2023,Q4,October,0.5309,0.5084,0.5149,412008957,1.70E+12,213465377,270506,205217825,106354592.3,0
XRPUSDT-1d-2023-10.csv,1.70E+12,0.515,21-10-2023,Q4,October,0.5325,0.5109,0.5208,179110644,1.70E+12,93228244.94,124952,80712196,42039537.84,0
XRPUSDT-1d-2023-10.csv,1.70E+12,0.5208,22-10-2023,Q4,October,0.5242,0.5118,0.5226,165306102,1.70E+12,85805435.81,110334,76453578,39686484.08,0
XRPUSDT-1d-2023-10.csv,1.70E+12,0.5226,23-10-2023,Q4,October,0.5536,0.5199,0.5475,522483834,1.70E+12,278286849.1,316448,266647117,141985590.4,0
XRPUSDT-1d-2023-10.csv,1.70E+12,0.5475,24-10-2023,Q4,October,0.5866,0.5346,0.5588,798801237,1.70E+12,445409828.2,522803,379754729,211957219.8,0
XRPUSDT-1d-2023-10.csv,1.70E+12,0.5587,25-10-2023,Q4,October,0.5639,0.5404,0.5552,369106629,1.70E+12,204340817.5,231634,172405035,95433855.96,0
XRPUSDT-1d-2023-10.csv,1.70E+12,0.5552,26-10-2023,Q4,October,0.5695,0.5426,0.5533,397423009,1.70E+12,220409474.9,239506,184267960,102188634.9,0
XRPUSDT-1d-2023-10.csv,1.70E+12,0.5534,27-10-2023,Q4,October,0.5588,0.5325,0.543,312543838,1.70E+12,171491048.4,179059,155341688,85222513.69,0
XRPUSDT-1d-2023-10.csv,1.70E+12,0.543,28-10-2023,Q4,October,0.5506,0.5405,0.5446,110912293,1.70E+12,60491790.56,75484,53184502,29010312.42,0
XRPUSDT-1d-2023-10.csv,1.70E+12,0.5446,29-10-2023,Q4,October,0.5614,0.5405,0.5561,160069611,1.70E+12,88554355.81,111204,73781934,40807822.95,0
XRPUSDT-1d-2023-10.csv,1.70E+12,0.556,30-10-2023,Q4,October,0.5843,0.5494,0.578,436757242,1.70E+12,248232480.4,249097,220367736,125182701.8,0
XRPUSDT-1d-2023-10.csv,1.70E+12,0.578,31-10-2023,Q4,October,0.6213,0.5627,0.5996,621793128,1.70E+12,368660558.8,405292,310096261,183809081.6,0
XRPUSDT-1d-2023-11.csv,1.67E+12,0.464,01-11-2023,Q4,November,0.467,0.4543,0.4636,272552886,1.67E+12,125642112.1,180944,125830091,58021037.52,0
XRPUSDT-1d-2023-11.csv,1.67E+12,0.4635,02-11-2023,Q4,November,0.4659,0.4451,0.4497,305327596,1.67E+12,139704185.4,221321,140671429,64406123.64,0
XRPUSDT-1d-2023-11.csv,1.67E+12,0.4498,03-11-2023,Q4,November,0.4598,0.4487,0.4548,221405589,1.67E+12,100942726.2,151898,104803967,47790138.03,0
XRPUSDT-1d-2023-11.csv,1.67E+12,0.4548,04-11-2023,Q4,November,0.5078,0.4532,0.5064,561979429,1.67E+12,274689740.9,415590,276164137,134949298.9,0
XRPUSDT-1d-2023-11.csv,1.67E+12,0.5063,05-11-2023,Q4,November,0.51,0.489,0.493,199360700,1.67E+12,99431885.51,190220,97184409,48486618.55,0
XRPUSDT-1d-2023-11.csv,1.67E+12,0.493,06-11-2023,Q4,November,0.4947,0.468,0.4709,163125807,1.67E+12,79239163.69,136737,75421138,36664570.84,0
XRPUSDT-1d-2023-11.csv,1.67E+12,0.4708,07-11-2023,Q4,November,0.48,0.4585,0.4648,325333918,1.67E+12,153239698.3,215747,140674033,66281947.74,0
XRPUSDT-1d-2023-11.csv,1.67E+12,0.4647,08-11-2023,Q4,November,0.4669,0.3355,0.4059,978082649,1.67E+12,413070512.8,685459,427976370,180541812.9,0
XRPUSDT-1d-2023-11.csv,1.67E+12,0.4059,09-11-2023,Q4,November,0.411,0.316,0.3331,908074197,1.67E+12,334989216,655564,404429799,149198267.2,0
XRPUSDT-1d-2023-11.csv,1.67E+12,0.3332,10-11-2023,Q4,November,0.403,0.3301,0.3942,815070852,1.67E+12,301512853.2,571158,385064470,142649050,0
XRPUSDT-1d-2023-11.csv,1.67E+12,0.3942,11-11-2023,Q4,November,0.3991,0.3661,0.3843,477945830,1.67E+12,182755584.3,371420,213380823,81549654.9,0
XRPUSDT-1d-2023-11.csv,1.67E+12,0.3843,12-11-2023,Q4,November,0.3846,0.3592,0.3636,254821436,1.67E+12,93930662.57,185956,124252437,45808046.45,0
XRPUSDT-1d-2023-11.csv,1.67E+12,0.3635,13-11-2023,Q4,November,0.3694,0.3325,0.3408,334510449,1.67E+12,116988962.6,245447,146909223,51402121.51,0
XRPUSDT-1d-2023-11.csv,1.67E+12,0.3409,14-11-2023,Q4,November,0.3796,0.321,0.3776,693547037,1.67E+12,241833210.1,474551,318057879,110936320.7,0
XRPUSDT-1d-2023-11.csv,1.67E+12,0.3775,15-11-2023,Q4,November,0.3977,0.3668,0.3888,541305225,1.67E+12,207028793.3,397121,253866537,97142845.49,0
XRPUSDT-1d-2023-11.csv,1.67E+12,0.3887,16-11-2023,Q4,November,0.3915,0.3614,0.3752,363276410,1.67E+12,136953796.3,260049,180285056,68001644.85,0
XRPUSDT-1d-2023-11.csv,1.67E+12,0.3751,17-11-2023,Q4,November,0.3873,0.3691,0.3819,413772413,1.67E+12,156120059.8,263552,207019266,78081706.02,0
XRPUSDT-1d-2023-11.csv,1.67E+12,0.3819,18-11-2023,Q4,November,0.3878,0.3733,0.3829,292591109,1.67E+12,111602519.5,172434,151611474,57829190.48,0
XRPUSDT-1d-2023-11.csv,1.67E+12,0.3829,19-11-2023,Q4,November,0.3886,0.3752,0.3841,145313373,1.67E+12,55292721.17,97089,68704481,26147539.87,0
XRPUSDT-1d-2023-11.csv,1.67E+12,0.3842,20-11-2023,Q4,November,0.3969,0.3585,0.3608,308373842,1.67E+12,116439995.1,194598,140735919,53175093.86,0
XRPUSDT-1d-2023-11.csv,1.67E+12,0.3608,21-11-2023,Q4,November,0.369,0.3457,0.3645,591706474,1.67E+12,210059781.7,289588,281516299,99890134.31,0
XRPUSDT-1d-2023-11.csv,1.67E+12,0.3645,22-11-2023,Q4,November,0.3784,0.3513,0.3757,464705247,1.67E+12,169687796.3,237727,225203354,82265424.14,0
XRPUSDT-1d-2023-11.csv,1.67E+12,0.3758,23-11-2023,Q4,November,0.3824,0.3682,0.3815,354058802,1.67E+12,133209854.5,204708,176578209,66432937.76,0
XRPUSDT-1d-2023-11.csv,1.67E+12,0.3816,24-11-2023,Q4,November,0.405,0.3742,0.4018,454087891,1.67E+12,177033036.2,249480,222635598,86756756.54,0
XRPUSDT-1d-2023-11.csv,1.67E+12,0.4018,25-11-2023,Q4,November,0.4194,0.3888,0.4078,428503257,1.67E+12,173684378.2,297740,207257431,84067111.9,0
XRPUSDT-1d-2023-11.csv,1.67E+12,0.4077,26-11-2023,Q4,November,0.4146,0.3927,0.396,184581391,1.67E+12,74555148.84,126149,84383604,34087933.57,0
XRPUSDT-1d-2023-11.csv,1.67E+12,0.396,27-11-2023,Q4,November,0.4096,0.3942,0.3962,199432182,1.67E+12,80197421.67,125340,93450039,37585394.49,0
XRPUSDT-1d-2023-11.csv,1.67E+12,0.3961,28-11-2023,Q4,November,0.3991,0.373,0.3888,434930297,1.67E+12,166423172.5,240458,216541344,82848582.11,0
XRPUSDT-1d-2023-11.csv,1.67E+12,0.3888,29-11-2023,Q4,November,0.4039,0.3829,0.3981,355638077,1.67E+12,139342591,195717,178271306,69837843.08,0
XRPUSDT-1d-2023-11.csv,1.67E+12,0.3981,30-11-2023,Q4,November,0.4117,0.3926,0.4078,329757224,1.67E+12,132883249,191495,162197210,65361438.04,0
